naics_sector,state,total_loans,total_portfolio_amount,total_expected_loss,defaulted_loans,resolved_loans,observed_default_rate_pct,avg_loan_size,expected_loss_ratio_pct,recommended_action
11,AK,11,4283000.0,211856.94,0,7,0.0,389363.64,4.95,Grow
11,AL,41,34545600.0,8019439.25,1,15,6.67,842575.61,23.21,Maintain
11,AR,60,49686700.0,1889267.1,0,34,0.0,828111.67,3.8,Grow
11,AZ,2,1185700.0,54802.23,0,1,0.0,592850.0,4.62,Grow
11,CA,84,47969300.0,4467556.87,2,35,5.71,571063.1,9.31,Grow
11,CO,11,1580400.0,363411.5,1,5,20.0,143672.73,22.99,Tighten
11,CT,6,1739300.0,66040.09,1,5,20.0,289883.33,3.8,Tighten
11,DE,10,3180900.0,582485.41,1,6,16.67,318090.0,18.31,Tighten
11,FL,28,19376900.0,2717141.36,2,15,13.33,692032.14,14.02,Tighten
11,GA,102,143107900.0,7090496.38,0,53,0.0,1403018.63,4.95,Grow
11,HI,1,30000.0,10885.03,0,1,0.0,30000.0,36.28,Grow
11,IA,8,2124400.0,453343.51,0,5,0.0,265550.0,21.34,Grow
11,ID,22,7157500.0,458601.08,0,15,0.0,325340.91,6.41,Grow
11,IL,6,3189100.0,339558.21,0,2,0.0,531516.67,10.65,Grow
11,IN,6,3647500.0,125020.99,0,1,0.0,607916.67,3.43,Grow
11,KS,18,3542100.0,278936.98,0,6,0.0,196783.33,7.87,Grow
11,KY,13,2399100.0,170373.96,1,7,14.29,184546.15,7.1,Tighten
11,LA,11,11775500.0,1193380.11,0,7,0.0,1070500.0,10.13,Grow
11,MA,11,7389400.0,351296.49,0,4,0.0,671763.64,4.75,Grow
11,MD,6,1560000.0,172793.53,0,2,0.0,260000.0,11.08,Grow
11,ME,36,5872800.0,824515.34,0,23,0.0,163133.33,14.04,Grow
11,MI,33,10558000.0,1073373.8,0,25,0.0,319939.39,10.17,Grow
11,MN,156,66800100.0,5291835.08,1,96,1.04,428205.77,7.92,Grow
11,MO,43,24746600.0,1441054.49,0,20,0.0,575502.33,5.82,Grow
11,MS,139,69123300.0,6239098.43,0,81,0.0,497289.93,9.03,Grow
11,MT,17,5615000.0,399218.38,0,12,0.0,330294.12,7.11,Grow
11,NC,43,44726700.0,2274195.55,0,17,0.0,1040155.81,5.08,Grow
11,ND,22,21250000.0,929595.12,0,17,0.0,965909.09,4.37,Grow
11,NE,46,45053900.0,367680.31,1,17,5.88,979432.61,0.82,Grow
11,NH,13,1574300.0,237164.34,0,6,0.0,121100.0,15.06,Grow
11,NJ,9,4945000.0,139686.65,1,4,25.0,549444.44,2.82,Tighten
11,NM,6,2054200.0,82027.68,0,3,0.0,342366.67,3.99,Grow
11,NY,37,6281500.0,1769678.23,4,19,21.05,169770.27,28.17,Tighten
11,OH,30,9081700.0,650172.51,0,12,0.0,302723.33,7.16,Grow
11,OK,6,5579000.0,162450.47,0,2,0.0,929833.33,2.91,Grow
11,OR,24,10451300.0,462824.34,2,11,18.18,435470.83,4.43,Tighten
11,PA,25,12861700.0,795485.81,0,16,0.0,514468.0,6.18,Grow
11,PR,1,20000.0,950.54,0,1,0.0,20000.0,4.75,Grow
11,RI,4,1905700.0,62263.99,0,0,0.0,476425.0,3.27,Grow
11,SC,3,4189500.0,255331.42,0,1,0.0,1396500.0,6.09,Grow
11,SD,16,3544800.0,620650.17,0,9,0.0,221550.0,17.51,Grow
11,TN,27,34992000.0,1356260.06,0,11,0.0,1296000.0,3.88,Grow
11,TX,51,69222300.0,7612744.53,0,19,0.0,1357300.0,11.0,Grow
11,UT,9,1684900.0,229917.29,0,5,0.0,187211.11,13.65,Grow
11,VA,19,31241300.0,2774196.67,0,9,0.0,1644278.95,8.88,Grow
11,VT,6,720400.0,86874.68,1,4,25.0,120066.67,12.06,Tighten
11,WA,45,8533400.0,965704.99,1,24,4.17,189631.11,11.32,Grow
11,WI,46,12009200.0,3877431.62,2,28,7.14,261069.57,32.29,Maintain
11,WV,7,2493300.0,101659.19,0,4,0.0,356185.71,4.08,Grow
11,WY,4,296600.0,23779.77,0,2,0.0,74150.0,8.02,Grow
21,AK,1,400000.0,2047.21,0,1,0.0,400000.0,0.51,Grow
21,AL,2,2310000.0,214206.6,0,1,0.0,1155000.0,9.27,Grow
21,AR,1,25000.0,761.25,0,0,0.0,25000.0,3.04,Grow
21,AZ,2,3192000.0,28643.32,0,2,0.0,1596000.0,0.9,Grow
21,CA,2,5117500.0,35779.03,0,0,0.0,2558750.0,0.7,Grow
21,CO,15,9843700.0,384589.12,0,4,0.0,656246.67,3.91,Grow
21,FL,3,3220000.0,739561.12,0,1,0.0,1073333.33,22.97,Grow
21,GA,3,5426000.0,129107.48,0,0,0.0,1808666.67,2.38,Grow
21,ID,4,477200.0,5129.75,0,1,0.0,119300.0,1.07,Grow
21,IL,1,350000.0,8727.56,0,1,0.0,350000.0,2.49,Grow
21,KS,11,3651300.0,99714.56,0,9,0.0,331936.36,2.73,Grow
21,KY,4,1103500.0,56666.19,0,3,0.0,275875.0,5.14,Grow
21,LA,9,13067000.0,419335.21,0,2,0.0,1451888.89,3.21,Grow
21,MA,1,44800.0,790.14,0,0,0.0,44800.0,1.76,Grow
21,MI,1,25800.0,1222.34,0,1,0.0,25800.0,4.74,Grow
21,MN,7,4924200.0,29943.56,0,3,0.0,703457.14,0.61,Grow
21,MO,1,505000.0,10061.0,0,1,0.0,505000.0,1.99,Grow
21,MS,2,402500.0,29112.37,0,2,0.0,201250.0,7.23,Grow
21,MT,4,1296400.0,21023.46,0,4,0.0,324100.0,1.62,Grow
21,NC,1,1000000.0,80177.21,0,1,0.0,1000000.0,8.02,Grow
21,ND,13,10915500.0,63318.11,0,10,0.0,839653.85,0.58,Grow
21,NH,2,149200.0,3270.96,0,1,0.0,74600.0,2.19,Grow
21,NM,22,16044200.0,243263.52,0,11,0.0,729281.82,1.52,Grow
21,NY,3,1725000.0,132677.03,0,1,0.0,575000.0,7.69,Grow
21,OH,5,4534300.0,22303.27,0,3,0.0,906860.0,0.49,Grow
21,OK,27,17577500.0,332517.36,0,19,0.0,651018.52,1.89,Grow
21,OR,3,7409800.0,1640.95,0,0,0.0,2469933.33,0.02,Grow
21,PA,9,2538900.0,84180.67,0,5,0.0,282100.0,3.32,Grow
21,PR,1,90000.0,5505.69,0,1,0.0,90000.0,6.12,Grow
21,SD,2,4867000.0,7957.99,0,1,0.0,2433500.0,0.16,Grow
21,TX,45,46970600.0,2759464.61,0,25,0.0,1043791.11,5.87,Grow
21,UT,8,2691100.0,57521.14,1,5,20.0,336387.5,2.14,Tighten
21,VA,1,100000.0,2913.32,0,0,0.0,100000.0,2.91,Grow
21,VT,1,1400000.0,86.92,0,0,0.0,1400000.0,0.01,Grow
21,WA,3,3158400.0,36945.22,0,0,0.0,1052800.0,1.17,Grow
21,WI,3,3320000.0,30157.02,0,2,0.0,1106666.67,0.91,Grow
21,WV,1,100000.0,3319.17,0,0,0.0,100000.0,3.32,Grow
21,WY,3,5822500.0,26709.29,0,1,0.0,1940833.33,0.46,Grow
22,AL,2,414000.0,238642.53,0,0,0.0,207000.0,57.64,Grow
22,AR,2,139100.0,39958.81,0,1,0.0,69550.0,28.73,Grow
22,AZ,2,2763000.0,554751.15,0,2,0.0,1381500.0,20.08,Grow
22,CA,19,16138400.0,4274379.11,1,8,12.5,849389.47,26.49,Maintain
22,CO,5,2203100.0,758728.9,0,4,0.0,440620.0,34.44,Grow
22,CT,2,2917000.0,815074.54,0,1,0.0,1458500.0,27.94,Grow
22,FL,9,3208400.0,1561217.58,4,6,66.67,356488.89,48.66,Tighten
22,GA,5,6227500.0,2648566.62,0,3,0.0,1245500.0,42.53,Grow
22,IA,2,955000.0,251057.34,0,1,0.0,477500.0,26.29,Grow
22,ID,1,1649400.0,226667.69,0,0,0.0,1649400.0,13.74,Grow
22,IL,6,2895000.0,1027673.56,0,2,0.0,482500.0,35.5,Grow
22,IN,2,840000.0,245580.62,0,2,0.0,420000.0,29.24,Grow
22,KS,4,1642600.0,260547.48,0,1,0.0,410650.0,15.86,Grow
22,MA,12,5634800.0,957952.45,0,8,0.0,469566.67,17.0,Grow
22,MD,3,2625000.0,838356.07,0,1,0.0,875000.0,31.94,Grow
22,MI,5,1423100.0,49107.9,0,2,0.0,284620.0,3.45,Grow
22,MN,10,4816400.0,775422.94,0,4,0.0,481640.0,16.1,Grow
22,MO,2,243500.0,103211.25,0,2,0.0,121750.0,42.39,Grow
22,NC,3,2898000.0,63535.26,0,1,0.0,966000.0,2.19,Grow
22,NH,1,20500.0,8020.45,0,1,0.0,20500.0,39.12,Grow
22,NJ,1,923000.0,436552.2,0,1,0.0,923000.0,47.3,Grow
22,NM,1,350000.0,121242.78,0,1,0.0,350000.0,34.64,Grow
22,NV,1,359600.0,7048.79,0,0,0.0,359600.0,1.96,Grow
22,NY,8,1575000.0,965215.22,0,4,0.0,196875.0,61.28,Grow
22,OH,6,371000.0,152182.59,1,4,25.0,61833.33,41.02,Tighten
22,OK,2,375500.0,188495.06,0,1,0.0,187750.0,50.2,Grow
22,OR,4,280000.0,156761.2,0,2,0.0,70000.0,55.99,Grow
22,PA,7,7776500.0,1933369.15,0,0,0.0,1110928.57,24.86,Grow
22,PR,3,804600.0,160429.92,0,0,0.0,268200.0,19.94,Grow
22,RI,1,700000.0,339550.54,0,1,0.0,700000.0,48.51,Grow
22,SC,3,495500.0,240071.09,0,1,0.0,165166.67,48.45,Grow
22,SD,1,160000.0,68320.57,0,0,0.0,160000.0,42.7,Grow
22,TX,20,9050500.0,4706195.58,1,14,7.14,452525.0,52.0,Maintain
22,UT,3,310000.0,136348.81,1,2,50.0,103333.33,43.98,Tighten
22,VA,6,2191000.0,338938.65,0,3,0.0,365166.67,15.47,Grow
22,WA,2,471500.0,200477.02,0,2,0.0,235750.0,42.52,Grow
22,WI,4,1320000.0,179487.65,0,1,0.0,330000.0,13.6,Grow
23,AK,31,24761400.0,1972719.36,0,15,0.0,798754.84,7.97,Grow
23,AL,45,23305400.0,9440467.45,4,22,18.18,517897.78,40.51,Tighten
23,AR,75,15057500.0,3487500.64,3,42,7.14,200766.67,23.16,Maintain
23,AZ,220,124242500.0,28980951.84,8,124,6.45,564738.64,23.33,Tighten
23,CA,1046,583595700.0,91782183.1,32,495,6.46,557930.88,15.73,Tighten
23,CO,368,249476900.0,57301236.02,21,171,12.28,677926.36,22.97,Tighten
23,CT,153,43099000.0,12505581.74,6,80,7.5,281692.81,29.02,Maintain
23,DC,14,2566100.0,1535008.82,2,8,25.0,183292.86,59.82,Tighten
23,DE,39,12341300.0,4026335.74,0,20,0.0,316443.59,32.62,Grow
23,FL,628,349918400.0,140656707.68,49,288,17.01,557194.9,40.2,Tighten
23,GA,196,136059500.0,41118435.66,8,82,9.76,694181.12,30.22,Tighten
23,GU,2,253400.0,79053.4,0,0,0.0,126700.0,31.2,Grow
23,HI,48,7548000.0,2173890.67,2,26,7.69,157250.0,28.8,Maintain
23,IA,109,44911800.0,14785372.37,6,73,8.22,412034.86,32.92,Maintain
23,ID,140,47206300.0,7385789.28,3,87,3.45,337187.86,15.65,Grow
23,IL,318,130981200.0,43048502.48,14,171,8.19,411890.57,32.87,Tighten
23,IN,237,91532200.0,16658753.22,5,118,4.24,386211.81,18.2,Grow
23,KS,107,40235500.0,6901862.39,3,58,5.17,376032.71,17.15,Grow
23,KY,105,25473900.0,5090528.97,5,80,6.25,242608.57,19.98,Maintain
23,LA,49,28635600.0,8433379.91,2,20,10.0,584400.0,29.45,Maintain
23,MA,373,77417000.0,14441510.68,13,200,6.5,207552.28,18.65,Maintain
23,MD,167,46064100.0,18372527.54,12,92,13.04,275832.93,39.88,Tighten
23,ME,58,11991300.0,1887830.07,0,35,0.0,206746.55,15.74,Grow
23,MI,489,121485400.0,24015084.29,5,274,1.82,248436.4,19.77,Tighten
23,MN,425,192010400.0,35180341.55,13,243,5.35,451789.18,18.32,Tighten
23,MO,227,68121800.0,19543287.88,9,131,6.87,300096.04,28.69,Maintain
23,MS,48,13113600.0,3733368.55,1,24,4.17,273200.0,28.47,Grow
23,MT,62,23317300.0,3387786.65,1,40,2.5,376085.48,14.53,Grow
23,NC,196,124015800.0,26378593.55,7,84,8.33,632733.67,21.27,Tighten
23,ND,61,19037300.0,2650495.26,1,43,2.33,312086.89,13.92,Grow
23,NE,88,48027600.0,2552501.98,1,45,2.22,545768.18,5.31,Grow
23,NH,104,19351000.0,3254332.82,5,63,7.94,186067.31,16.82,Maintain
23,NJ,290,110572000.0,32788730.51,20,147,13.61,381282.76,29.65,Tighten
23,NM,60,19368600.0,2027898.2,2,30,6.67,322810.0,10.47,Maintain
23,NV,78,39843200.0,9329494.77,3,40,7.5,510810.26,23.42,Maintain
23,NY,593,177469700.0,54997774.84,30,268,11.19,299274.37,30.99,Tighten
23,OH,936,196344200.0,56711819.44,29,558,5.2,209769.44,28.88,Tighten
23,OK,127,64992900.0,19890914.97,6,66,9.09,511755.12,30.6,Maintain
23,OR,260,75317000.0,13970958.15,9,128,7.03,289680.77,18.55,Maintain
23,PA,349,136398200.0,35430861.16,11,178,6.18,390825.79,25.98,Tighten
23,PR,67,12164800.0,3539503.01,0,33,0.0,181564.18,29.1,Grow
23,RI,38,12869200.0,3442954.66,1,19,5.26,338663.16,26.75,Grow
23,SC,99,60101400.0,18270918.71,7,43,16.28,607084.85,30.4,Tighten
23,SD,44,19188300.0,7806297.04,0,24,0.0,436097.73,40.68,Grow
23,TN,117,47256500.0,15889625.54,9,67,13.43,403901.71,33.62,Tighten
23,TX,624,342287300.0,126505551.33,41,285,14.39,548537.34,36.96,Tighten
23,UT,210,99305800.0,23146499.57,8,116,6.9,472884.76,23.31,Maintain
23,VA,144,105971900.0,23785720.39,8,51,15.69,735915.97,22.45,Tighten
23,VT,42,4162100.0,989345.02,0,26,0.0,99097.62,23.77,Grow
23,WA,346,157464700.0,26540538.57,14,177,7.91,455100.29,16.85,Tighten
23,WI,289,131728200.0,32422588.67,8,157,5.1,455806.92,24.61,Tighten
23,WV,48,15425600.0,2628764.96,1,28,3.57,321366.67,17.04,Grow
23,WY,23,9667100.0,5467020.58,3,16,18.75,420308.7,56.55,Tighten
31,AK,7,8698100.0,130166.69,0,3,0.0,1242585.71,1.5,Grow
31,AL,7,3436000.0,1662330.07,0,4,0.0,490857.14,48.38,Grow
31,AR,12,3173500.0,480723.61,0,4,0.0,264458.33,15.15,Grow
31,AZ,24,15829600.0,2831539.41,0,9,0.0,659566.67,17.89,Grow
31,CA,215,190218400.0,26533298.01,6,86,6.98,884736.74,13.95,Tighten
31,CO,43,34576900.0,5636481.09,1,17,5.88,804113.95,16.3,Grow
31,CT,41,11577000.0,4738634.86,1,15,6.67,282365.85,40.93,Maintain
31,DC,3,2246800.0,1578323.95,1,2,50.0,748933.33,70.25,Tighten
31,DE,4,5130000.0,404052.37,0,1,0.0,1282500.0,7.88,Grow
31,FL,73,44796600.0,14546779.48,2,29,6.9,613652.05,32.47,Maintain
31,GA,64,59010000.0,12045428.92,0,22,0.0,922031.25,20.41,Grow
31,GU,1,50000.0,25800.4,0,0,0.0,50000.0,51.6,Grow
31,HI,5,2012000.0,222311.13,1,4,25.0,402400.0,11.05,Tighten
31,IA,17,5613000.0,1445487.32,1,6,16.67,330176.47,25.75,Tighten
31,ID,27,14862200.0,1445919.35,0,11,0.0,550451.85,9.73,Grow
31,IL,63,41863800.0,8782824.88,1,13,7.69,664504.76,20.98,Maintain
31,IN,38,21634100.0,2610987.57,1,15,6.67,569318.42,12.07,Maintain
31,KS,16,5501200.0,536732.23,1,8,12.5,343825.0,9.76,Maintain
31,KY,21,24963900.0,1130148.0,0,13,0.0,1188757.14,4.53,Grow
31,LA,13,5707300.0,1925498.34,0,4,0.0,439023.08,33.74,Grow
31,MA,45,11387000.0,2294709.56,0,29,0.0,253044.44,20.15,Grow
31,MD,27,7953600.0,2613117.05,2,10,20.0,294577.78,32.85,Tighten
31,ME,22,4372200.0,976018.81,0,8,0.0,198736.36,22.32,Grow
31,MI,53,30079100.0,2136592.29,0,22,0.0,567530.19,7.1,Grow
31,MN,89,42760600.0,8063932.25,1,45,2.22,480456.18,18.86,Grow
31,MO,37,26297200.0,3013748.84,1,14,7.14,710735.14,11.46,Maintain
31,MS,15,9127300.0,756473.62,0,6,0.0,608486.67,8.29,Grow
31,MT,15,5483200.0,616938.3,0,9,0.0,365546.67,11.25,Grow
31,NC,48,40184500.0,8862558.12,0,21,0.0,837177.08,22.05,Grow
31,ND,5,463500.0,92252.67,0,4,0.0,92700.0,19.9,Grow
31,NE,17,13777200.0,664619.72,0,7,0.0,810423.53,4.82,Grow
31,NH,23,4980500.0,1013478.11,0,18,0.0,216543.48,20.35,Grow
31,NJ,46,30380900.0,6551668.17,0,22,0.0,660454.35,21.57,Grow
31,NM,12,5142800.0,849601.0,0,7,0.0,428566.67,16.52,Grow
31,NV,12,11123900.0,2172257.51,0,5,0.0,926991.67,19.53,Grow
31,NY,106,63736000.0,18567252.14,5,36,13.89,601283.02,29.13,Tighten
31,OH,108,44778200.0,10636590.78,4,52,7.69,414612.96,23.75,Maintain
31,OK,23,9599000.0,1557216.03,0,8,0.0,417347.83,16.22,Grow
31,OR,49,27930300.0,3597244.85,2,21,9.52,570006.12,12.88,Maintain
31,PA,72,45726000.0,7003038.13,0,31,0.0,635083.33,15.32,Grow
31,PR,24,7507600.0,483502.44,0,6,0.0,312816.67,6.44,Grow
31,RI,14,8394700.0,1972071.46,0,6,0.0,599621.43,23.49,Grow
31,SC,19,17120000.0,3952993.38,1,9,11.11,901052.63,23.09,Maintain
31,SD,11,2622400.0,639221.49,2,4,50.0,238400.0,24.38,Tighten
31,TN,13,17153800.0,2741008.36,2,9,22.22,1319523.08,15.98,Tighten
31,TX,111,88122300.0,24032333.64,5,56,8.93,793894.59,27.27,Tighten
31,UT,26,23613500.0,3441809.62,0,10,0.0,908211.54,14.58,Grow
31,VA,27,11068100.0,3121359.11,0,13,0.0,409929.63,28.2,Grow
31,VI,3,5800000.0,416703.8,0,0,0.0,1933333.33,7.18,Grow
31,VT,42,10607700.0,1377187.97,0,20,0.0,252564.29,12.98,Grow
31,WA,56,23256000.0,4130717.61,1,28,3.57,415285.71,17.76,Grow
31,WI,75,39612800.0,6019458.38,3,28,10.71,528170.67,15.2,Maintain
31,WV,4,1858100.0,326427.84,0,1,0.0,464525.0,17.57,Grow
31,WY,7,2697900.0,341466.87,0,0,0.0,385414.29,12.66,Grow
32,AK,1,2300000.0,990.03,0,0,0.0,2300000.0,0.04,Grow
32,AL,8,8799100.0,4968160.49,0,5,0.0,1099887.5,56.46,Grow
32,AR,16,16160500.0,2156211.39,0,8,0.0,1010031.25,13.34,Grow
32,AZ,32,23238000.0,2659078.44,1,14,7.14,726187.5,11.44,Maintain
32,CA,149,170075800.0,17872068.53,4,75,5.33,1141448.32,10.51,Grow
32,CO,36,21057000.0,4682144.1,1,13,7.69,584916.67,22.24,Maintain
32,CT,16,6163800.0,1276082.24,0,9,0.0,385237.5,20.7,Grow
32,DC,1,15000.0,9845.42,1,1,100.0,15000.0,65.64,Tighten
32,DE,7,6610600.0,640074.73,0,4,0.0,944371.43,9.68,Grow
32,FL,93,61395000.0,20129784.43,2,39,5.13,660161.29,32.79,Grow
32,GA,50,57981000.0,10932327.6,0,22,0.0,1159620.0,18.86,Grow
32,HI,4,407600.0,97781.71,1,4,25.0,101900.0,23.99,Tighten
32,IA,19,26198100.0,3234282.25,0,8,0.0,1378847.37,12.35,Grow
32,ID,21,8331000.0,1050528.76,1,7,14.29,396714.29,12.61,Tighten
32,IL,60,61110700.0,7326547.64,1,31,3.23,1018511.67,11.99,Grow
32,IN,47,34868800.0,5187076.92,0,25,0.0,741889.36,14.88,Grow
32,KS,18,8311000.0,821244.35,0,10,0.0,461722.22,9.88,Grow
32,KY,21,18789200.0,2346957.05,0,12,0.0,894723.81,12.49,Grow
32,LA,8,7095500.0,1039747.0,0,1,0.0,886937.5,14.65,Grow
32,MA,29,13710500.0,1002418.73,1,15,6.67,472775.86,7.31,Maintain
32,MD,15,3921200.0,1225842.57,1,10,10.0,261413.33,31.26,Maintain
32,ME,1,130000.0,29399.82,0,1,0.0,130000.0,22.62,Grow
32,MI,79,56285100.0,5870508.07,0,30,0.0,712469.62,10.43,Grow
32,MN,85,54229000.0,6975020.14,0,38,0.0,637988.24,12.86,Grow
32,MO,40,29777100.0,4991439.95,3,21,14.29,744427.5,16.76,Tighten
32,MS,6,4910300.0,962555.4,0,3,0.0,818383.33,19.6,Grow
32,MT,10,10622600.0,401382.91,0,4,0.0,1062260.0,3.78,Grow
32,NC,48,45024900.0,4347717.67,2,26,7.69,938018.75,9.66,Maintain
32,ND,1,904800.0,40439.46,0,0,0.0,904800.0,4.47,Grow
32,NE,9,5275600.0,156323.83,0,2,0.0,586177.78,2.96,Grow
32,NH,12,4741000.0,618438.97,0,5,0.0,395083.33,13.04,Grow
32,NJ,49,59480600.0,13258186.45,0,16,0.0,1213889.8,22.29,Grow
32,NM,15,13124700.0,1237426.98,0,8,0.0,874980.0,9.43,Grow
32,NV,6,7673500.0,1088756.87,0,5,0.0,1278916.67,14.19,Grow
32,NY,62,40401700.0,9287642.53,3,25,12.0,651640.32,22.99,Maintain
32,OH,134,81086600.0,15432976.31,1,57,1.75,605123.88,19.03,Grow
32,OK,19,15941000.0,2535725.11,0,8,0.0,839000.0,15.91,Grow
32,OR,34,30469700.0,2892967.18,0,18,0.0,896167.65,9.49,Grow
32,PA,70,55198600.0,6262288.95,1,29,3.45,788551.43,11.35,Grow
32,PR,10,2093100.0,160672.92,0,5,0.0,209310.0,7.68,Grow
32,RI,7,3791000.0,675209.31,0,1,0.0,541571.43,17.81,Grow
32,SC,17,14106500.0,2471159.53,0,11,0.0,829794.12,17.52,Grow
32,SD,7,2283100.0,1261022.99,0,5,0.0,326157.14,55.23,Grow
32,TN,13,12808300.0,2377027.37,1,4,25.0,985253.85,18.56,Tighten
32,TX,102,73128900.0,17443416.12,0,39,0.0,716950.0,23.85,Grow
32,UT,50,44470100.0,6418697.71,0,25,0.0,889402.0,14.43,Grow
32,VA,20,12102700.0,2455087.08,1,9,11.11,605135.0,20.29,Maintain
32,VT,9,4840600.0,434598.87,0,8,0.0,537844.44,8.98,Grow
32,WA,38,32818200.0,3970663.22,0,13,0.0,863636.84,12.1,Grow
32,WI,72,71945900.0,9370099.86,4,37,10.81,999248.61,13.02,Maintain
33,AK,4,2953400.0,2445.4,0,0,0.0,738350.0,0.08,Grow
33,AL,18,18986900.0,5014750.54,1,5,20.0,1054827.78,26.41,Tighten
33,AR,10,3742200.0,349895.09,0,7,0.0,374220.0,9.35,Grow
33,AZ,76,78654200.0,10978766.37,1,34,2.94,1034923.68,13.96,Grow
33,CA,370,393201900.0,53007430.7,6,152,3.95,1062707.84,13.48,Tighten
33,CO,95,99798800.0,18106380.16,2,35,5.71,1050513.68,18.14,Grow
33,CT,59,29056900.0,7649013.83,2,25,8.0,492489.83,26.32,Maintain
33,DC,2,75000.0,56703.47,1,1,100.0,37500.0,75.6,Tighten
33,DE,8,13516000.0,2270243.33,1,2,50.0,1689500.0,16.8,Tighten
33,FL,177,185606200.0,51857510.71,6,68,8.82,1048622.6,27.94,Tighten
33,GA,68,76151000.0,16460063.71,0,34,0.0,1119867.65,21.62,Grow
33,HI,5,265000.0,115954.3,0,2,0.0,53000.0,43.76,Grow
33,IA,34,30483900.0,7398663.68,0,16,0.0,896585.29,24.27,Grow
33,ID,29,25587100.0,1840888.57,0,15,0.0,882313.79,7.19,Grow
33,IL,136,112209000.0,19554179.21,0,55,0.0,825066.18,17.43,Grow
33,IN,104,80354500.0,9134088.92,1,52,1.92,772639.42,11.37,Grow
33,KS,38,23657000.0,5291393.36,2,15,13.33,622552.63,22.37,Tighten
33,KY,13,4173700.0,355447.37,0,6,0.0,321053.85,8.52,Grow
33,LA,14,15604600.0,8783996.94,1,5,20.0,1114614.29,56.29,Tighten
33,MA,63,34740100.0,3253292.67,3,33,9.09,551430.16,9.36,Maintain
33,MD,22,9594000.0,4763588.99,0,7,0.0,436090.91,49.65,Grow
33,ME,17,5662800.0,477957.05,0,6,0.0,333105.88,8.44,Grow
33,MI,176,110123900.0,15962143.64,3,82,3.66,625703.98,14.49,Grow
33,MN,234,163099900.0,22117478.92,5,109,4.59,697008.12,13.56,Grow
33,MO,70,60923500.0,16026571.86,0,28,0.0,870335.71,26.31,Grow
33,MS,9,7877800.0,1216549.52,0,3,0.0,875311.11,15.44,Grow
33,MT,11,6983500.0,333070.79,0,4,0.0,634863.64,4.77,Grow
33,NC,80,76320100.0,10884089.84,0,35,0.0,954001.25,14.26,Grow
33,ND,5,3067500.0,795229.02,0,4,0.0,613500.0,25.92,Grow
33,NE,21,11744200.0,925900.66,2,5,40.0,559247.62,7.88,Tighten
33,NH,44,32208900.0,4591283.04,1,20,5.0,732020.45,14.25,Grow
33,NJ,61,59900200.0,22285608.72,1,28,3.57,981970.49,37.2,Grow
33,NM,15,10071000.0,546305.62,0,7,0.0,671400.0,5.42,Grow
33,NV,23,19741400.0,4030161.98,1,14,7.14,858321.74,20.41,Maintain
33,NY,120,87269800.0,24860831.7,3,51,5.88,727248.33,28.49,Tighten
33,OH,283,164364400.0,30887974.78,1,118,0.85,580792.93,18.79,Tighten
33,OK,57,60449700.0,6541997.0,4,23,17.39,1060521.05,10.82,Tighten
33,OR,68,46008500.0,6312063.36,1,29,3.45,676595.59,13.72,Grow
33,PA,118,97120700.0,21298873.45,4,52,7.69,823056.78,21.93,Maintain
33,PR,12,2293900.0,227448.51,0,3,0.0,191158.33,9.92,Grow
33,RI,17,16957800.0,4587857.79,1,12,8.33,997517.65,27.05,Maintain
33,SC,36,32957600.0,7806507.16,0,17,0.0,915488.89,23.69,Grow
33,SD,8,2653400.0,840229.59,0,4,0.0,331675.0,31.67,Grow
33,TN,44,48144200.0,7454551.53,1,21,4.76,1094186.36,15.48,Grow
33,TX,217,225968000.0,56309150.94,5,100,5.0,1041327.19,24.92,Tighten
33,UT,93,56473200.0,9315375.21,2,45,4.44,607238.71,16.5,Grow
33,VA,35,32583400.0,10543563.08,0,15,0.0,930954.29,32.36,Grow
33,VT,13,3215600.0,380662.95,0,8,0.0,247353.85,11.84,Grow
33,WA,79,62197400.0,8614343.83,2,36,5.56,787308.86,13.85,Grow
33,WI,171,121005000.0,23502589.18,4,81,4.94,707631.58,19.42,Grow
33,WV,7,1225600.0,269111.11,0,5,0.0,175085.71,21.96,Grow
33,WY,3,2580000.0,49050.61,0,0,0.0,860000.0,1.9,Grow
42,AL,30,19714200.0,9964571.84,2,17,11.76,657140.0,50.55,Maintain
42,AR,19,9245700.0,1474645.94,1,14,7.14,486615.79,15.95,Maintain
42,AZ,60,48396700.0,7808001.61,1,28,3.57,806611.67,16.13,Grow
42,CA,739,773875000.0,114047845.68,30,374,8.02,1047192.15,14.74,Tighten
42,CO,92,66974100.0,13903988.13,2,46,4.35,727979.35,20.76,Grow
42,CT,56,29082000.0,9270492.81,3,31,9.68,519321.43,31.88,Maintain
42,DC,3,205000.0,168061.64,1,3,33.33,68333.33,81.98,Tighten
42,DE,10,7269500.0,1676839.95,1,4,25.0,726950.0,23.07,Tighten
42,FL,381,344124300.0,170878754.01,26,194,13.4,903213.39,49.66,Tighten
42,GA,128,159214400.0,66682567.23,3,59,5.08,1243862.5,41.88,Tighten
42,GU,2,904000.0,429700.61,0,2,0.0,452000.0,47.53,Grow
42,HI,2,241000.0,76074.72,0,1,0.0,120500.0,31.57,Grow
42,IA,26,19459300.0,6237778.57,1,11,9.09,748434.62,32.06,Maintain
42,ID,38,19741900.0,2363614.78,2,20,10.0,519523.68,11.97,Maintain
42,IL,137,121195400.0,32913880.1,5,72,6.94,884637.96,27.16,Tighten
42,IN,63,45842300.0,7514564.08,2,32,6.25,727655.56,16.39,Maintain
42,KS,35,19946500.0,3969025.71,0,22,0.0,569900.0,19.9,Grow
42,KY,28,10511100.0,1673910.88,1,14,7.14,375396.43,15.93,Maintain
42,LA,22,10178400.0,3489392.75,0,16,0.0,462654.55,34.28,Grow
42,MA,86,47491200.0,8653488.52,2,41,4.88,552223.26,18.22,Grow
42,MD,43,25248600.0,12942943.96,2,26,7.69,587176.74,51.26,Maintain
42,ME,13,3593000.0,693160.46,0,7,0.0,276384.62,19.29,Grow
42,MI,119,63756700.0,10682509.73,3,53,5.66,535770.59,16.76,Grow
42,MN,192,114013500.0,25572521.0,5,109,4.59,593820.31,22.43,Tighten
42,MO,92,64689100.0,23718227.68,4,55,7.27,703142.39,36.66,Tighten
42,MS,18,15780400.0,2942131.29,1,12,8.33,876688.89,18.64,Maintain
42,MT,21,11553900.0,779630.88,0,7,0.0,550185.71,6.75,Grow
42,NC,81,90314500.0,26923727.83,0,46,0.0,1114993.83,29.81,Tighten
42,ND,5,1172500.0,70843.16,0,3,0.0,234500.0,6.04,Grow
42,NE,25,10036300.0,684174.66,0,12,0.0,401452.0,6.82,Grow
42,NH,28,17741300.0,1747566.94,0,14,0.0,633617.86,9.85,Grow
42,NJ,169,148053800.0,56517585.18,14,90,15.56,876057.99,38.17,Tighten
42,NM,24,14408400.0,1726243.17,0,7,0.0,600350.0,11.98,Grow
42,NV,39,20239900.0,3934008.03,5,22,22.73,518971.79,19.44,Tighten
42,NY,343,200651900.0,60282896.71,27,151,17.88,584990.96,30.04,Tighten
42,OH,211,104048800.0,24310122.01,3,106,2.83,493122.27,23.36,Tighten
42,OK,26,25368400.0,3778831.4,0,13,0.0,975707.69,14.9,Grow
42,OR,66,40763200.0,13580604.61,2,31,6.45,617624.24,33.32,Maintain
42,PA,105,61839800.0,14846639.4,1,40,2.5,588950.48,24.01,Grow
42,PR,41,19903700.0,3798490.44,0,22,0.0,485456.1,19.08,Grow
42,RI,18,14333300.0,7725267.26,1,11,9.09,796294.44,53.9,Maintain
42,SC,37,52024800.0,15204953.27,0,20,0.0,1406075.68,29.23,Grow
42,SD,8,5645000.0,3410889.13,0,6,0.0,705625.0,60.42,Grow
42,TN,36,37967400.0,16134064.39,1,19,5.26,1054650.0,42.49,Grow
42,TX,287,306542900.0,100744633.32,9,126,7.14,1068093.73,32.86,Tighten
42,UT,71,63933100.0,14986905.03,4,45,8.89,900466.2,23.44,Maintain
42,VA,56,44525000.0,16586323.4,1,24,4.17,795089.29,37.25,Grow
42,VT,8,6394000.0,680923.07,0,4,0.0,799250.0,10.65,Grow
42,WA,100,74997200.0,16060652.87,1,45,2.22,749972.0,21.42,Grow
42,WI,91,53170100.0,13484345.68,2,49,4.08,584286.81,25.36,Grow
42,WV,6,4625200.0,392349.96,0,0,0.0,770866.67,8.48,Grow
42,WY,15,2327900.0,1553112.59,1,14,7.14,155193.33,66.72,Maintain
44,AK,25,10913300.0,449570.22,0,10,0.0,436532.0,4.12,Grow
44,AL,67,57579700.0,16909722.88,2,22,9.09,859398.51,29.37,Maintain
44,AR,76,49176500.0,5203625.55,2,29,6.9,647059.21,10.58,Maintain
44,AZ,181,161450500.0,20459225.97,2,83,2.41,891991.71,12.67,Grow
44,CA,1502,1531020500.0,147407275.84,23,635,3.62,1019321.24,9.63,Tighten
44,CO,306,220322500.0,49555083.61,4,113,3.54,720008.17,22.49,Tighten
44,CT,131,62615500.0,14072096.67,4,56,7.14,477980.92,22.47,Maintain
44,DC,26,12456400.0,6891204.9,1,4,25.0,479092.31,55.32,Tighten
44,DE,35,17153500.0,4159393.17,1,18,5.56,490100.0,24.25,Grow
44,FL,448,364960800.0,98572965.65,22,196,11.22,814644.64,27.01,Tighten
44,GA,504,680048400.0,48432983.97,3,183,1.64,1349302.38,7.12,Tighten
44,HI,8,6575000.0,611024.08,0,4,0.0,821875.0,9.29,Grow
44,IA,69,29527300.0,5742792.48,0,31,0.0,427931.88,19.45,Grow
44,ID,58,30375700.0,3825212.62,0,33,0.0,523718.97,12.59,Grow
44,IL,357,302678700.0,35706791.66,6,163,3.68,847839.5,11.8,Tighten
44,IN,178,103246900.0,10575144.39,1,75,1.33,580038.76,10.24,Grow
44,KS,64,42398000.0,2983596.63,0,29,0.0,662468.75,7.04,Grow
44,KY,84,43210700.0,4983135.49,2,35,5.71,514413.1,11.53,Grow
44,LA,59,46417500.0,14050260.4,2,20,10.0,786737.29,30.27,Maintain
44,MA,224,73092400.0,11902619.79,9,129,6.98,326305.36,16.28,Maintain
44,MD,132,91404500.0,21596278.15,5,51,9.8,692458.33,23.63,Maintain
44,ME,47,12072200.0,2577735.67,2,24,8.33,256855.32,21.35,Maintain
44,MI,407,221394000.0,21337530.87,5,172,2.91,543965.6,9.64,Grow
44,MN,305,118621700.0,14680493.9,5,149,3.36,388923.61,12.38,Grow
44,MO,148,90256100.0,15325956.02,4,65,6.15,609838.51,16.98,Maintain
44,MS,78,58110100.0,5246801.84,2,36,5.56,745001.28,9.03,Grow
44,MT,43,21813800.0,1732446.47,0,17,0.0,507297.67,7.94,Grow
44,NC,205,182077800.0,19571771.13,1,83,1.2,888184.39,10.75,Grow
44,ND,20,8932900.0,1051059.52,0,13,0.0,446645.0,11.77,Grow
44,NE,46,16335500.0,748298.83,0,15,0.0,355119.57,4.58,Grow
44,NH,68,23410600.0,3026360.95,0,28,0.0,344273.53,12.93,Grow
44,NJ,337,265258100.0,59948766.65,6,134,4.48,787116.02,22.6,Tighten
44,NM,51,37000600.0,4452576.81,1,20,5.0,725501.96,12.03,Grow
44,NV,78,66416200.0,10202415.48,4,40,10.0,851489.74,15.36,Maintain
44,NY,629,389844700.0,108151043.83,32,219,14.61,619784.9,27.74,Tighten
44,OH,389,136681500.0,23505121.16,18,163,11.04,351366.32,17.2,Tighten
44,OK,118,71025400.0,7316151.86,3,46,6.52,601910.17,10.3,Maintain
44,OR,161,139710600.0,11843824.52,3,70,4.29,867767.7,8.48,Grow
44,PA,268,148204900.0,26862286.75,7,109,6.42,553003.36,18.13,Tighten
44,PR,135,17326700.0,2379872.25,2,46,4.35,128345.93,13.74,Grow
44,RI,44,21732300.0,5462224.23,4,16,25.0,493915.91,25.13,Tighten
44,SC,95,90380500.0,20417066.47,2,46,4.35,951373.68,22.59,Grow
44,SD,31,16480500.0,2692976.93,2,18,11.11,531629.03,16.34,Maintain
44,TN,96,74098800.0,12202071.38,3,43,6.98,771862.5,16.47,Maintain
44,TX,881,1058357800.0,110975802.29,26,372,6.99,1201314.19,10.49,Tighten
44,UT,135,81678900.0,12549240.58,2,59,3.39,605028.89,15.36,Grow
44,VA,118,84487900.0,16442933.08,3,37,8.11,715999.15,19.46,Maintain
44,VI,1,123400.0,62465.43,0,0,0.0,123400.0,50.62,Grow
44,VT,28,5042300.0,640963.87,0,19,0.0,180082.14,12.71,Grow
44,WA,358,394666000.0,23062773.14,6,155,3.87,1102418.99,5.84,Grow
44,WI,225,164657400.0,16628734.59,1,90,1.11,731810.67,10.1,Grow
44,WV,22,4992600.0,672514.42,0,11,0.0,226936.36,13.47,Grow
44,WY,8,4702400.0,1296215.11,1,3,33.33,587800.0,27.56,Tighten
45,AK,8,1095000.0,40472.17,0,3,0.0,136875.0,3.7,Grow
45,AL,31,13184000.0,5152525.1,0,12,0.0,425290.32,39.08,Grow
45,AR,20,6547600.0,1942488.57,1,8,12.5,327380.0,29.67,Maintain
45,AZ,67,28450200.0,8300592.02,2,34,5.88,424629.85,29.18,Grow
45,CA,387,230328700.0,33998131.89,18,174,10.34,595164.6,14.76,Tighten
45,CO,107,63478900.0,14127409.03,1,48,2.08,593260.75,22.26,Grow
45,CT,37,12225800.0,3635546.84,3,13,23.08,330427.03,29.74,Tighten
45,DC,5,335000.0,260961.75,1,3,33.33,67000.0,77.9,Tighten
45,DE,19,9095500.0,2522220.32,2,13,15.38,478710.53,27.73,Tighten
45,FL,251,131848000.0,55653219.07,17,111,15.32,525290.84,42.21,Tighten
45,GA,101,54506500.0,16406976.58,6,41,14.63,539668.32,30.1,Tighten
45,GU,1,50000.0,28244.49,0,1,0.0,50000.0,56.49,Grow
45,HI,2,550000.0,173280.31,0,0,0.0,275000.0,31.51,Grow
45,IA,40,13089500.0,4570431.77,1,20,5.0,327237.5,34.92,Grow
45,ID,42,14839200.0,2373577.37,1,22,4.55,353314.29,16.0,Grow
45,IL,78,32705300.0,12396476.63,1,44,2.27,419298.72,37.9,Grow
45,IN,68,42606900.0,9499600.13,1,23,4.35,626572.06,22.3,Grow
45,KS,35,12420600.0,2328296.06,1,14,7.14,354874.29,18.75,Maintain
45,KY,34,8088400.0,1697158.09,2,17,11.76,237894.12,20.98,Maintain
45,LA,22,16264200.0,4253347.54,2,14,14.29,739281.82,26.15,Tighten
45,MA,109,19179800.0,4159825.69,3,47,6.38,175961.47,21.69,Maintain
45,MD,38,7755900.0,3007274.25,4,17,23.53,204102.63,38.77,Tighten
45,ME,25,4036700.0,1040224.39,0,10,0.0,161468.0,25.77,Grow
45,MI,138,53029800.0,10459265.24,3,53,5.66,384273.91,19.72,Grow
45,MN,155,41393400.0,9658948.48,3,74,4.05,267054.19,23.33,Grow
45,MO,80,31580900.0,8897698.28,2,30,6.67,394761.25,28.17,Maintain
45,MS,11,4372400.0,1081263.4,0,6,0.0,397490.91,24.73,Grow
45,MT,20,6618300.0,551803.94,0,7,0.0,330915.0,8.34,Grow
45,NC,96,42941200.0,11428189.29,0,41,0.0,447304.17,26.61,Grow
45,ND,15,5364000.0,348547.63,0,3,0.0,357600.0,6.5,Grow
45,NE,28,4612500.0,563459.98,1,10,10.0,164732.14,12.22,Maintain
45,NH,43,12033700.0,1775086.57,0,17,0.0,279853.49,14.75,Grow
45,NJ,140,82911100.0,24444384.72,12,68,17.65,592222.14,29.48,Tighten
45,NM,18,9181200.0,1273519.91,0,11,0.0,510066.67,13.87,Grow
45,NV,49,25965000.0,9633648.22,4,23,17.39,529897.96,37.1,Tighten
45,NY,288,138580000.0,41221795.49,15,122,12.3,481180.56,29.75,Tighten
45,OH,194,46044700.0,12535481.38,7,90,7.78,237343.81,27.22,Maintain
45,OK,32,8670700.0,2270651.37,5,14,35.71,270959.38,26.19,Tighten
45,OR,74,24229000.0,5461123.89,2,39,5.13,327418.92,22.54,Grow
45,PA,135,53866500.0,14387823.05,5,47,10.64,399011.11,26.71,Maintain
45,PR,29,6807600.0,2334414.23,0,14,0.0,234744.83,34.29,Grow
45,RI,10,1964800.0,616566.85,0,1,0.0,196480.0,31.38,Grow
45,SC,30,11795500.0,4772359.66,0,13,0.0,393183.33,40.46,Grow
45,SD,15,6901400.0,1953428.54,1,8,12.5,460093.33,28.3,Maintain
45,TN,46,26593500.0,9525972.35,1,25,4.0,578119.57,35.82,Grow
45,TX,232,115160900.0,42635092.79,8,96,8.33,496383.19,37.02,Tighten
45,UT,83,38612000.0,10684900.85,4,47,8.51,465204.82,27.67,Maintain
45,VA,50,17175000.0,5937586.37,1,19,5.26,343500.0,34.57,Grow
45,VT,25,7174000.0,634413.77,0,19,0.0,286960.0,8.84,Grow
45,WA,101,55021000.0,10856919.43,4,53,7.55,544762.38,19.73,Maintain
45,WI,102,33690600.0,8080256.88,0,46,0.0,330300.0,23.98,Grow
45,WV,9,2615300.0,394213.49,0,9,0.0,290588.89,15.07,Grow
45,WY,12,9828700.0,5613822.84,1,8,12.5,819058.33,57.12,Maintain
48,AK,13,9260000.0,319959.84,0,8,0.0,712307.69,3.46,Grow
48,AL,23,8850600.0,2867084.98,3,11,27.27,384808.7,32.39,Tighten
48,AR,40,15333500.0,2668639.61,1,28,3.57,383337.5,17.4,Grow
48,AZ,64,42074800.0,17182448.68,5,34,14.71,657418.75,40.84,Tighten
48,CA,768,364136300.0,49321264.88,35,454,7.71,474135.81,13.54,Tighten
48,CO,70,33012600.0,7740777.54,3,31,9.68,471608.57,23.45,Maintain
48,CT,25,12046400.0,3863000.1,2,10,20.0,481856.0,32.07,Tighten
48,DC,3,255000.0,187930.41,0,3,0.0,85000.0,73.7,Grow
48,DE,12,717100.0,472587.79,2,7,28.57,59758.33,65.9,Tighten
48,FL,247,125218500.0,46724683.51,38,115,33.04,506957.49,37.31,Tighten
48,GA,84,37617500.0,9992334.85,10,37,27.03,447827.38,26.56,Tighten
48,HI,8,448800.0,204891.64,0,4,0.0,56100.0,45.65,Grow
48,IA,34,14146300.0,4553169.94,2,24,8.33,416067.65,32.19,Maintain
48,ID,29,7064600.0,986612.17,0,15,0.0,243606.9,13.97,Grow
48,IL,332,117257200.0,37369776.26,16,178,8.99,353184.34,31.87,Tighten
48,IN,263,34174900.0,9232400.46,7,152,4.61,129942.59,27.02,Grow
48,KS,63,33475300.0,5103870.97,1,37,2.7,531353.97,15.25,Grow
48,KY,84,24796100.0,5733295.69,1,55,1.82,295191.67,23.12,Grow
48,LA,27,21513200.0,5384676.07,3,12,25.0,796785.19,25.03,Tighten
48,MA,56,21001100.0,3651300.31,1,28,3.57,375019.64,17.39,Grow
48,MD,66,22761000.0,8203481.99,4,34,11.76,344863.64,36.04,Maintain
48,ME,15,4024300.0,846881.65,1,9,11.11,268286.67,21.04,Maintain
48,MI,725,111954300.0,29849648.44,12,418,2.87,154419.72,26.66,Tighten
48,MN,210,82727700.0,15494871.28,5,146,3.42,393941.43,18.73,Grow
48,MO,118,44986800.0,17104975.39,2,70,2.86,381244.07,38.02,Grow
48,MS,71,13814600.0,5427286.45,4,49,8.16,194571.83,39.29,Maintain
48,MT,19,8823600.0,938119.98,1,12,8.33,464400.0,10.63,Maintain
48,NC,63,30923000.0,7940460.73,2,23,8.7,490841.27,25.68,Maintain
48,ND,24,4603200.0,861541.71,0,18,0.0,191800.0,18.72,Grow
48,NE,32,6667600.0,863603.16,1,24,4.17,208362.5,12.95,Grow
48,NH,26,4785200.0,954445.14,0,15,0.0,184046.15,19.95,Grow
48,NJ,162,43862800.0,15566363.2,24,72,33.33,270758.02,35.49,Tighten
48,NM,18,2063900.0,447414.64,0,6,0.0,114661.11,21.68,Grow
48,NV,27,11568900.0,3614405.38,1,14,7.14,428477.78,31.24,Maintain
48,NY,152,42457400.0,16040150.08,13,77,16.88,279325.0,37.78,Tighten
48,OH,877,122438300.0,49255324.73,35,517,6.77,139610.38,40.23,Tighten
48,OK,71,18406800.0,4446914.2,2,49,4.08,259250.7,24.16,Grow
48,OR,48,25175000.0,4784512.73,3,23,13.04,524479.17,19.01,Tighten
48,PA,179,45920700.0,16066052.8,20,102,19.61,256540.22,34.99,Tighten
48,PR,10,1491500.0,174668.23,0,1,0.0,149150.0,11.71,Grow
48,RI,7,906300.0,389070.64,0,0,0.0,129471.43,42.93,Grow
48,SC,34,11754300.0,3730213.28,4,13,30.77,345714.71,31.73,Tighten
48,SD,20,5489300.0,1819304.92,1,12,8.33,274465.0,33.14,Maintain
48,TN,45,31613300.0,7753886.27,2,22,9.09,702517.78,24.53,Maintain
48,TX,308,150709600.0,53709526.39,35,156,22.44,489316.88,35.64,Tighten
48,UT,68,27667500.0,7607908.43,3,41,7.32,406875.0,27.5,Maintain
48,VA,42,16142000.0,6390413.14,4,17,23.53,384333.33,39.59,Tighten
48,VI,1,225000.0,108588.26,0,0,0.0,225000.0,48.26,Grow
48,VT,16,918400.0,245521.82,1,10,10.0,57400.0,26.73,Maintain
48,WA,132,65182300.0,9715022.1,2,57,3.51,493805.3,14.9,Grow
48,WI,120,48778400.0,14769071.57,3,64,4.69,406486.67,30.28,Grow
48,WV,34,5171600.0,1574157.97,0,23,0.0,152105.88,30.44,Grow
48,WY,9,2190900.0,915626.57,0,5,0.0,243433.33,41.79,Grow
49,AL,5,3500600.0,1817741.68,0,4,0.0,700120.0,51.93,Grow
49,AR,2,3727000.0,17565.88,0,2,0.0,1863500.0,0.47,Grow
49,AZ,8,9436300.0,2851394.45,0,2,0.0,1179537.5,30.22,Grow
49,CA,69,39505900.0,10127156.62,3,28,10.71,572549.28,25.63,Maintain
49,CO,37,10054000.0,4516353.21,1,33,3.03,271729.73,44.92,Grow
49,CT,3,945500.0,479987.49,0,0,0.0,315166.67,50.77,Grow
49,DC,2,2269000.0,1783756.55,1,1,100.0,1134500.0,78.61,Tighten
49,DE,2,455000.0,237392.38,0,0,0.0,227500.0,52.17,Grow
49,FL,40,28744100.0,11854023.07,1,20,5.0,718602.5,41.24,Grow
49,GA,18,11903400.0,6326432.84,3,8,37.5,661300.0,53.15,Tighten
49,GU,1,750000.0,189300.65,0,0,0.0,750000.0,25.24,Grow
49,IA,8,4550000.0,1794512.03,0,4,0.0,568750.0,39.44,Grow
49,ID,1,300000.0,79522.93,0,1,0.0,300000.0,26.51,Grow
49,IL,14,7618200.0,2773102.96,0,4,0.0,544157.14,36.4,Grow
49,IN,3,1747500.0,402821.09,0,0,0.0,582500.0,23.05,Grow
49,KS,2,2148100.0,376567.09,0,2,0.0,1074050.0,17.53,Grow
49,KY,3,1649500.0,424367.61,0,2,0.0,549833.33,25.73,Grow
49,LA,2,2083700.0,1358143.51,0,1,0.0,1041850.0,65.18,Grow
49,MA,12,8900400.0,1344811.99,0,4,0.0,741700.0,15.11,Grow
49,MD,9,1921300.0,1153596.07,4,5,80.0,213477.78,60.04,Tighten
49,ME,1,832500.0,282131.3,0,0,0.0,832500.0,33.89,Grow
49,MI,11,7926700.0,1658054.4,0,4,0.0,720609.09,20.92,Grow
49,MN,52,28329700.0,6758381.07,3,23,13.04,544801.92,23.86,Tighten
49,MO,4,2993600.0,1326386.67,0,4,0.0,748400.0,44.31,Grow
49,MS,2,1067400.0,273824.44,0,1,0.0,533700.0,25.65,Grow
49,MT,2,380500.0,68941.67,0,2,0.0,190250.0,18.12,Grow
49,NC,17,12774000.0,2522143.37,1,7,14.29,751411.76,19.74,Tighten
49,ND,4,2183600.0,273094.09,0,3,0.0,545900.0,12.51,Grow
49,NE,6,4620000.0,420664.1,0,2,0.0,770000.0,9.11,Grow
49,NH,5,659000.0,132831.55,0,0,0.0,131800.0,20.16,Grow
49,NJ,16,14179700.0,2414198.15,0,7,0.0,886231.25,17.03,Grow
49,NM,9,3985900.0,855515.38,0,1,0.0,442877.78,21.46,Grow
49,NV,5,1552000.0,897457.62,1,4,25.0,310400.0,57.83,Tighten
49,NY,27,9464600.0,5173377.52,1,16,6.25,350540.74,54.66,Maintain
49,OH,32,15237500.0,5670734.09,4,13,30.77,476171.88,37.22,Tighten
49,OK,4,3695400.0,94100.55,0,3,0.0,923850.0,2.55,Grow
49,OR,9,6710800.0,1199851.06,0,3,0.0,745644.44,17.88,Grow
49,PA,20,7638100.0,3566742.91,0,9,0.0,381905.0,46.7,Grow
49,PR,1,2500000.0,4647.23,0,0,0.0,2500000.0,0.19,Grow
49,RI,5,1254000.0,548668.75,0,3,0.0,250800.0,43.75,Grow
49,SC,10,7316500.0,2802168.85,0,5,0.0,731650.0,38.3,Grow
49,SD,4,1082500.0,406610.66,0,2,0.0,270625.0,37.56,Grow
49,TN,5,5319000.0,2513479.79,0,0,0.0,1063800.0,47.25,Grow
49,TX,44,28887600.0,10676055.13,1,15,6.67,656536.36,36.96,Maintain
49,UT,27,22863100.0,5340208.65,0,14,0.0,846781.48,23.36,Grow
49,VA,10,7311200.0,3038800.04,0,2,0.0,731120.0,41.56,Grow
49,WA,27,24188300.0,5344221.18,1,18,5.56,895862.96,22.09,Grow
49,WI,14,7650800.0,3456334.3,0,5,0.0,546485.71,45.18,Grow
49,WV,5,2315500.0,695925.83,0,1,0.0,463100.0,30.06,Grow
51,AK,1,456300.0,292.03,0,0,0.0,456300.0,0.06,Grow
51,AL,5,2596600.0,1157651.54,0,1,0.0,519320.0,44.58,Grow
51,AR,7,7897100.0,936421.4,0,3,0.0,1128157.14,11.86,Grow
51,AZ,8,10654200.0,1985550.56,0,3,0.0,1331775.0,18.64,Grow
51,CA,138,90287400.0,12350869.52,4,50,8.0,654256.52,13.68,Maintain
51,CO,24,14135800.0,3143767.09,1,15,6.67,588991.67,22.24,Maintain
51,CT,8,4501500.0,1028645.91,0,5,0.0,562687.5,22.85,Grow
51,DC,8,1717200.0,521030.13,1,4,25.0,214650.0,30.34,Tighten
51,FL,63,44915600.0,13912516.64,0,25,0.0,712946.03,30.97,Grow
51,GA,21,9084600.0,1422475.12,0,10,0.0,432600.0,15.66,Grow
51,HI,1,800000.0,128175.23,0,0,0.0,800000.0,16.02,Grow
51,IA,6,1765000.0,327932.09,0,2,0.0,294166.67,18.58,Grow
51,ID,7,3384700.0,359855.68,0,3,0.0,483528.57,10.63,Grow
51,IL,21,10930800.0,1691769.61,1,11,9.09,520514.29,15.48,Maintain
51,IN,12,7763400.0,652761.82,0,5,0.0,646950.0,8.41,Grow
51,KS,6,9468000.0,417391.75,0,4,0.0,1578000.0,4.41,Grow
51,KY,16,6743200.0,561477.25,0,7,0.0,421450.0,8.33,Grow
51,LA,5,1971000.0,693652.31,0,2,0.0,394200.0,35.19,Grow
51,MA,18,12937200.0,817099.09,0,8,0.0,718733.33,6.32,Grow
51,MD,20,5095000.0,884846.82,2,9,22.22,254750.0,17.37,Tighten
51,ME,3,475000.0,114524.77,0,2,0.0,158333.33,24.11,Grow
51,MI,20,11614000.0,1113541.19,0,9,0.0,580700.0,9.59,Grow
51,MN,42,17000200.0,1683324.34,2,21,9.52,404766.67,9.9,Maintain
51,MO,24,17365600.0,1299575.11,0,13,0.0,723566.67,7.48,Grow
51,MS,2,5168900.0,179928.93,0,0,0.0,2584450.0,3.48,Grow
51,MT,2,1500000.0,22569.55,0,1,0.0,750000.0,1.5,Grow
51,NC,24,16251300.0,2053035.41,0,15,0.0,677137.5,12.63,Grow
51,NE,5,1088800.0,52673.58,0,2,0.0,217760.0,4.84,Grow
51,NH,5,1368500.0,128438.93,0,3,0.0,273700.0,9.39,Grow
51,NJ,27,18066500.0,4401357.8,2,12,16.67,669129.63,24.36,Tighten
51,NM,6,5075600.0,195911.29,0,0,0.0,845933.33,3.86,Grow
51,NV,19,26057600.0,5368122.43,1,8,12.5,1371452.63,20.6,Maintain
51,NY,53,36081000.0,9114876.85,1,22,4.55,680773.58,25.26,Grow
51,OH,51,34314100.0,4650978.7,0,24,0.0,672825.49,13.55,Grow
51,OK,7,5236000.0,591064.74,0,3,0.0,748000.0,11.29,Grow
51,OR,19,18149500.0,1829599.12,0,8,0.0,955236.84,10.08,Grow
51,PA,28,15271200.0,2314974.33,0,14,0.0,545400.0,15.16,Grow
51,PR,16,4208900.0,898703.46,0,8,0.0,263056.25,21.35,Grow
51,RI,2,170300.0,79985.07,0,1,0.0,85150.0,46.97,Grow
51,SC,3,2435000.0,644160.03,1,2,50.0,811666.67,26.45,Tighten
51,SD,7,1065000.0,324191.01,0,5,0.0,152142.86,30.44,Grow
51,TN,15,11161800.0,1264907.94,0,8,0.0,744120.0,11.33,Grow
51,TX,68,65715900.0,13151923.23,1,29,3.45,966410.29,20.01,Grow
51,UT,19,11620900.0,1627282.32,0,7,0.0,611626.32,14.0,Grow
51,VA,17,4728800.0,1549240.07,1,7,14.29,278164.71,32.76,Tighten
51,VT,1,50000.0,6777.97,0,1,0.0,50000.0,13.56,Grow
51,WA,25,20317800.0,2468983.9,2,11,18.18,812712.0,12.15,Tighten
51,WI,18,11673700.0,1700501.13,0,10,0.0,648538.89,14.57,Grow
51,WV,3,231500.0,26426.75,0,2,0.0,77166.67,11.42,Grow
51,WY,1,50000.0,16648.1,0,1,0.0,50000.0,33.3,Grow
52,AK,3,2023600.0,120351.1,0,0,0.0,674533.33,5.95,Grow
52,AL,17,14735600.0,5318679.71,0,8,0.0,866800.0,36.09,Grow
52,AR,4,328400.0,91955.89,1,3,33.33,82100.0,28.0,Tighten
52,AZ,80,57621100.0,11325634.08,1,41,2.44,720263.75,19.66,Grow
52,CA,263,210079100.0,24562713.75,8,110,7.27,798779.85,11.69,Tighten
52,CO,62,36174900.0,7917179.15,3,35,8.57,583466.13,21.89,Maintain
52,CT,32,19158700.0,5376727.15,1,17,5.88,598709.38,28.06,Grow
52,DE,3,1205000.0,152607.07,1,2,50.0,401666.67,12.66,Tighten
52,FL,187,152209400.0,56002696.7,7,90,7.78,813954.01,36.79,Tighten
52,GA,61,32509400.0,8438338.01,4,30,13.33,532940.98,25.96,Tighten
52,HI,7,2287400.0,486249.34,0,5,0.0,326771.43,21.26,Grow
52,IA,15,5908400.0,1353014.67,0,4,0.0,393893.33,22.9,Grow
52,ID,13,9621700.0,825766.93,0,8,0.0,740130.77,8.58,Grow
52,IL,73,41566300.0,9200077.44,3,32,9.38,569401.37,22.13,Maintain
52,IN,60,25324100.0,3007962.49,1,27,3.7,422068.33,11.88,Grow
52,KS,32,22321300.0,1827118.97,0,20,0.0,697540.62,8.19,Grow
52,KY,27,15337700.0,1965680.79,0,12,0.0,568062.96,12.82,Grow
52,LA,32,14097400.0,4993448.51,0,14,0.0,440543.75,35.42,Grow
52,MA,40,23995400.0,2096889.19,0,26,0.0,599885.0,8.74,Grow
52,MD,36,15824400.0,4928167.27,1,15,6.67,439566.67,31.14,Maintain
52,ME,10,3634400.0,362021.63,0,5,0.0,363440.0,9.96,Grow
52,MI,82,54015600.0,5953129.94,0,35,0.0,658726.83,11.02,Grow
52,MN,72,35607300.0,3687825.7,0,38,0.0,494545.83,10.36,Grow
52,MO,45,23938600.0,4782337.1,0,23,0.0,531968.89,19.98,Grow
52,MS,9,12409100.0,1130319.46,0,4,0.0,1378788.89,9.11,Grow
52,MT,7,4696700.0,348274.3,0,3,0.0,670957.14,7.42,Grow
52,NC,44,38345500.0,6510825.75,0,24,0.0,871488.64,16.98,Grow
52,ND,5,1740400.0,263571.53,0,4,0.0,348080.0,15.14,Grow
52,NE,9,1480800.0,111453.6,0,5,0.0,164533.33,7.53,Grow
52,NH,20,8316800.0,861768.43,0,13,0.0,415840.0,10.36,Grow
52,NJ,50,37127700.0,10141462.99,1,29,3.45,742554.0,27.32,Grow
52,NM,11,15135300.0,522357.26,0,3,0.0,1375936.36,3.45,Grow
52,NV,30,21770100.0,5468945.93,2,16,12.5,725670.0,25.12,Maintain
52,NY,121,63921300.0,15510131.42,2,53,3.77,528275.21,24.26,Grow
52,OH,116,45026800.0,8025011.08,2,58,3.45,388162.07,17.82,Grow
52,OK,45,26902600.0,3427778.71,1,19,5.26,597835.56,12.74,Grow
52,OR,52,27137000.0,4226938.46,1,27,3.7,521865.38,15.58,Grow
52,PA,71,38408500.0,7478340.94,0,38,0.0,540964.79,19.47,Grow
52,PR,3,688900.0,9309.31,0,1,0.0,229633.33,1.35,Grow
52,RI,8,7075000.0,1115740.23,0,1,0.0,884375.0,15.77,Grow
52,SC,29,12924100.0,4111902.49,1,10,10.0,445658.62,31.82,Maintain
52,SD,4,2096000.0,436538.46,0,3,0.0,524000.0,20.83,Grow
52,TN,22,14086400.0,3409668.94,0,10,0.0,640290.91,24.21,Grow
52,TX,233,186350800.0,54970761.52,3,98,3.06,799788.84,29.5,Tighten
52,UT,34,18752100.0,2936209.17,0,20,0.0,551532.35,15.66,Grow
52,VA,31,18743300.0,3585948.35,0,14,0.0,604622.58,19.13,Grow
52,VT,1,12700.0,2938.35,0,0,0.0,12700.0,23.14,Grow
52,WA,58,30060400.0,4880883.07,1,33,3.03,518282.76,16.24,Grow
52,WI,35,11362500.0,2219502.78,0,20,0.0,324642.86,19.53,Grow
52,WV,18,7565600.0,998642.12,1,12,8.33,420311.11,13.2,Maintain
52,WY,4,753000.0,267853.41,0,3,0.0,188250.0,35.57,Grow
53,AK,10,8720000.0,295994.29,0,4,0.0,872000.0,3.39,Grow
53,AL,21,29000600.0,4221655.08,0,8,0.0,1380980.95,14.56,Grow
53,AR,13,9919400.0,1749551.71,0,7,0.0,763030.77,17.64,Grow
53,AZ,75,69430000.0,9472839.09,3,37,8.11,925733.33,13.64,Maintain
53,CA,376,318440100.0,26346595.1,7,142,4.93,846915.16,8.27,Tighten
53,CO,91,80453600.0,10247012.09,4,45,8.89,884105.49,12.74,Maintain
53,CT,29,12558900.0,2045777.9,0,15,0.0,433065.52,16.29,Grow
53,DC,3,695500.0,127994.52,0,2,0.0,231833.33,18.4,Grow
53,DE,6,6048600.0,527963.19,0,3,0.0,1008100.0,8.73,Grow
53,FL,156,112045200.0,22006330.73,5,64,7.81,718238.46,19.64,Maintain
53,GA,88,84361200.0,11936273.61,2,40,5.0,958650.0,14.15,Grow
53,GU,1,100000.0,52590.55,0,1,0.0,100000.0,52.59,Grow
53,HI,7,345100.0,197562.13,0,3,0.0,49300.0,57.25,Grow
53,IA,23,18009700.0,2387676.0,0,10,0.0,783030.43,13.26,Grow
53,ID,35,35097500.0,806100.11,0,19,0.0,1002785.71,2.3,Grow
53,IL,85,65594200.0,8119150.93,4,36,11.11,771696.47,12.38,Maintain
53,IN,59,29123800.0,3008205.02,1,24,4.17,493623.73,10.33,Grow
53,KS,21,7803800.0,604535.14,1,9,11.11,371609.52,7.75,Maintain
53,KY,17,19991200.0,908140.51,0,8,0.0,1175952.94,4.54,Grow
53,LA,30,32422700.0,3851766.77,0,9,0.0,1080756.67,11.88,Grow
53,MA,51,26358500.0,2121344.35,0,21,0.0,516833.33,8.05,Grow
53,MD,26,9797500.0,1881365.47,1,12,8.33,376826.92,19.2,Maintain
53,ME,21,13377200.0,523774.63,0,7,0.0,637009.52,3.92,Grow
53,MI,77,49508400.0,3013067.91,0,33,0.0,642966.23,6.09,Grow
53,MN,109,45867800.0,4711561.11,2,51,3.92,420805.5,10.27,Grow
53,MO,56,51783700.0,4523065.89,2,29,6.9,924708.93,8.73,Maintain
53,MS,15,12339400.0,1012935.6,1,8,12.5,822626.67,8.21,Maintain
53,MT,18,7789200.0,478900.88,0,11,0.0,432733.33,6.15,Grow
53,NC,73,112396700.0,5668829.62,0,44,0.0,1539680.82,5.04,Grow
53,ND,11,3000100.0,422294.88,0,10,0.0,272736.36,14.08,Grow
53,NE,20,18762400.0,497878.87,0,4,0.0,938120.0,2.65,Grow
53,NH,25,8906400.0,1157105.66,2,15,13.33,356256.0,12.99,Tighten
53,NJ,68,49998800.0,5980540.13,4,21,19.05,735276.47,11.96,Tighten
53,NM,29,23324400.0,1196065.64,0,3,0.0,804289.66,5.13,Grow
53,NV,47,28416700.0,3488803.31,1,26,3.85,604610.64,12.28,Grow
53,NY,117,80965100.0,11393867.16,9,54,16.67,692009.4,14.07,Tighten
53,OH,145,70581100.0,6591977.66,4,70,5.71,486766.21,9.34,Grow
53,OK,51,29013500.0,3804596.02,0,29,0.0,568892.16,13.11,Grow
53,OR,54,44564700.0,3899905.18,1,21,4.76,825272.22,8.75,Grow
53,PA,80,49113200.0,8054888.01,3,28,10.71,613915.0,16.4,Maintain
53,PR,7,836000.0,110391.06,0,4,0.0,119428.57,13.2,Grow
53,RI,14,5180000.0,900167.11,0,3,0.0,370000.0,17.38,Grow
53,SC,31,38684300.0,4017447.84,0,15,0.0,1247880.65,10.39,Grow
53,SD,6,2159500.0,315502.07,0,3,0.0,359916.67,14.61,Grow
53,TN,32,27725000.0,3375588.67,1,12,8.33,866406.25,12.18,Maintain
53,TX,241,286658300.0,34314364.87,4,92,4.35,1189453.53,11.97,Tighten
53,UT,71,56335100.0,4147257.76,1,36,2.78,793452.11,7.36,Grow
53,VA,24,14926200.0,1812705.69,1,15,6.67,621925.0,12.14,Maintain
53,VT,5,1240500.0,74204.87,0,2,0.0,248100.0,5.98,Grow
53,WA,83,63982800.0,5221769.54,1,46,2.17,770877.11,8.16,Grow
53,WI,68,39252700.0,5270153.67,1,31,3.23,577245.59,13.43,Grow
53,WV,10,2806500.0,264424.39,0,2,0.0,280650.0,9.42,Grow
53,WY,3,641200.0,175333.38,0,2,0.0,213733.33,27.34,Grow
54,AK,12,8583800.0,50221.22,0,4,0.0,715316.67,0.59,Grow
54,AL,39,22182300.0,6477040.13,1,10,10.0,568776.92,29.2,Maintain
54,AR,29,10048200.0,1263399.09,0,16,0.0,346489.66,12.57,Grow
54,AZ,191,107507700.0,17031894.38,4,86,4.65,562867.54,15.84,Grow
54,CA,1167,736580100.0,97085013.28,26,487,5.34,631174.04,13.18,Tighten
54,CO,268,156109500.0,30763272.07,11,123,8.94,582498.13,19.71,Tighten
54,CT,100,33606900.0,9980871.49,3,49,6.12,336069.0,29.7,Maintain
54,DC,30,10521700.0,6688451.61,2,17,11.76,350723.33,63.57,Maintain
54,DE,30,7931100.0,2739093.16,0,15,0.0,264370.0,34.54,Grow
54,FL,581,329548800.0,99241252.59,24,244,9.84,567209.64,30.11,Tighten
54,GA,232,129240300.0,28303131.56,5,97,5.15,557070.26,21.9,Tighten
54,GU,2,45000.0,17539.02,0,1,0.0,22500.0,38.98,Grow
54,HI,16,3296300.0,626591.43,0,9,0.0,206018.75,19.01,Grow
54,IA,39,14847700.0,4442893.9,0,19,0.0,380710.26,29.92,Grow
54,ID,39,9560500.0,933566.99,0,18,0.0,245141.03,9.76,Grow
54,IL,289,125538300.0,30430516.45,7,143,4.9,434388.58,24.24,Tighten
54,IN,160,69796600.0,9277168.86,3,73,4.11,436228.75,13.29,Grow
54,KS,69,38422600.0,5943819.78,0,33,0.0,556849.28,15.47,Grow
54,KY,58,26756500.0,3180353.57,1,25,4.0,461318.97,11.89,Grow
54,LA,51,22606600.0,6045233.28,3,23,13.04,443266.67,26.74,Tighten
54,MA,279,81572100.0,10778248.72,3,144,2.08,292373.12,13.21,Grow
54,MD,200,94906300.0,30688394.93,11,98,11.22,474531.5,32.34,Tighten
54,ME,37,4981900.0,868274.19,1,20,5.0,134645.95,17.43,Grow
54,MI,254,109416100.0,13886919.32,4,105,3.81,430772.05,12.69,Grow
54,MN,279,106545200.0,14565924.57,2,151,1.32,381882.44,13.67,Grow
54,MO,171,81108900.0,18977337.72,3,75,4.0,474321.05,23.4,Grow
54,MS,26,9170900.0,1112736.48,2,12,16.67,352726.92,12.13,Tighten
54,MT,34,14564100.0,631605.34,0,17,0.0,428355.88,4.34,Grow
54,NC,185,120511300.0,19301811.51,3,90,3.33,651412.43,16.02,Grow
54,ND,19,1776000.0,291173.07,0,16,0.0,93473.68,16.39,Grow
54,NE,39,14994500.0,1034701.87,1,22,4.55,384474.36,6.9,Grow
54,NH,77,30283400.0,2987245.91,0,41,0.0,393290.91,9.86,Grow
54,NJ,250,131874200.0,35422851.09,6,111,5.41,527496.8,26.86,Tighten
54,NM,34,16835500.0,1229106.0,0,14,0.0,495161.76,7.3,Grow
54,NV,87,44456700.0,8629085.91,5,49,10.2,510996.55,19.41,Maintain
54,NY,515,185390200.0,60325977.77,44,253,17.39,359980.97,32.54,Tighten
54,OH,470,129976000.0,29105402.28,13,229,5.68,276544.68,22.39,Tighten
54,OK,92,53929500.0,9102055.88,3,40,7.5,586190.22,16.88,Maintain
54,OR,162,75906000.0,8703392.92,7,68,10.29,468555.56,11.47,Maintain
54,PA,250,139780400.0,28460331.78,5,117,4.27,559121.6,20.36,Tighten
54,PR,66,9878000.0,1519241.9,0,35,0.0,149666.67,15.38,Grow
54,RI,36,9796200.0,3099802.09,0,13,0.0,272116.67,31.64,Grow
54,SC,69,53101600.0,12742861.23,1,28,3.57,769588.41,24.0,Grow
54,SD,16,9320100.0,1375575.91,0,8,0.0,582506.25,14.76,Grow
54,TN,76,37998900.0,9984717.03,3,28,10.71,499985.53,26.28,Maintain
54,TX,563,324639800.0,91916428.47,17,236,7.2,576624.87,28.31,Tighten
54,UT,165,83724100.0,13803740.91,5,88,5.68,507418.79,16.49,Grow
54,VA,200,101945000.0,24908172.12,5,87,5.75,509725.0,24.43,Tighten
54,VT,20,3209800.0,704332.34,0,16,0.0,160490.0,21.94,Grow
54,WA,253,147172700.0,19889557.18,6,107,5.61,581710.28,13.51,Grow
54,WI,150,61540000.0,12200582.18,2,66,3.03,410266.67,19.83,Grow
54,WV,33,15392700.0,1580831.49,0,18,0.0,466445.45,10.27,Grow
54,WY,21,4179100.0,1805343.23,1,7,14.29,199004.76,43.2,Tighten
55,AR,2,1232700.0,176691.34,0,2,0.0,616350.0,14.33,Grow
55,AZ,6,8849100.0,718873.56,0,1,0.0,1474850.0,8.12,Grow
55,CA,3,3145700.0,421839.78,0,3,0.0,1048566.67,13.41,Grow
55,CO,5,8677100.0,92644.14,0,2,0.0,1735420.0,1.07,Grow
55,FL,6,6959300.0,544795.61,0,3,0.0,1159883.33,7.83,Grow
55,GA,3,3095500.0,23530.61,0,1,0.0,1031833.33,0.76,Grow
55,IA,2,812200.0,8268.94,0,0,0.0,406100.0,1.02,Grow
55,ID,1,898000.0,69849.6,0,1,0.0,898000.0,7.78,Grow
55,IL,1,2620000.0,6581.87,0,0,0.0,2620000.0,0.25,Grow
55,IN,1,114000.0,12519.11,0,0,0.0,114000.0,10.98,Grow
55,KS,3,1319500.0,7735.82,0,0,0.0,439833.33,0.59,Grow
55,MI,1,442500.0,1011.4,0,1,0.0,442500.0,0.23,Grow
55,MN,11,4202800.0,75907.84,0,4,0.0,382072.73,1.81,Grow
55,MO,2,406700.0,39778.03,0,1,0.0,203350.0,9.78,Grow
55,MS,1,439000.0,49240.7,0,1,0.0,439000.0,11.22,Grow
55,MT,1,347500.0,1351.18,0,1,0.0,347500.0,0.39,Grow
55,ND,1,450000.0,290.05,0,0,0.0,450000.0,0.06,Grow
55,NE,1,375000.0,758.67,0,0,0.0,375000.0,0.2,Grow
55,NH,1,348000.0,19459.98,0,0,0.0,348000.0,5.59,Grow
55,NJ,1,288000.0,90630.41,0,0,0.0,288000.0,31.47,Grow
55,NY,1,81000.0,24818.52,0,1,0.0,81000.0,30.64,Grow
55,OH,4,4222000.0,278935.62,0,0,0.0,1055500.0,6.61,Grow
55,OK,3,3550000.0,424533.28,0,2,0.0,1183333.33,11.96,Grow
55,OR,1,1304800.0,4108.69,0,1,0.0,1304800.0,0.31,Grow
55,TX,9,12235300.0,870431.71,0,4,0.0,1359477.78,7.11,Grow
55,UT,1,100000.0,16897.25,0,0,0.0,100000.0,16.9,Grow
55,WI,4,512400.0,48571.52,0,2,0.0,128100.0,9.48,Grow
55,WV,2,850000.0,63513.1,0,0,0.0,425000.0,7.47,Grow
56,AK,14,17707700.0,364330.3,0,4,0.0,1264835.71,2.06,Grow
56,AL,54,16543200.0,8290300.1,5,21,23.81,306355.56,50.11,Tighten
56,AR,27,12134700.0,1872341.2,3,12,25.0,449433.33,15.43,Tighten
56,AZ,124,67935900.0,18052222.44,6,49,12.24,547870.16,26.57,Maintain
56,CA,442,277736400.0,50357577.23,18,172,10.47,628362.9,18.13,Tighten
56,CO,129,80250800.0,26386233.32,5,69,7.25,622099.22,32.88,Tighten
56,CT,84,23047900.0,10172463.2,3,34,8.82,274379.76,44.14,Maintain
56,DC,11,2491200.0,843827.84,0,7,0.0,226472.73,33.87,Grow
56,DE,24,7613400.0,2833693.89,1,13,7.69,317225.0,37.22,Maintain
56,FL,408,183774400.0,80741086.32,39,192,20.31,450427.45,43.93,Tighten
56,GA,177,77971600.0,26039080.53,9,95,9.47,440517.51,33.4,Tighten
56,HI,13,2929100.0,841220.43,1,8,12.5,225315.38,28.72,Maintain
56,IA,44,15240500.0,4498909.37,1,22,4.55,346375.0,29.52,Grow
56,ID,46,14446300.0,2274386.51,3,29,10.34,314050.0,15.74,Maintain
56,IL,158,77662900.0,26457263.68,6,75,8.0,491537.34,34.07,Tighten
56,IN,155,58209500.0,13571122.87,6,90,6.67,375545.16,23.31,Maintain
56,KS,52,21292600.0,3722569.85,0,26,0.0,409473.08,17.48,Grow
56,KY,48,8502500.0,2441406.71,3,29,10.34,177135.42,28.71,Maintain
56,LA,40,16729200.0,6176693.89,4,19,21.05,418230.0,36.92,Tighten
56,MA,210,53811300.0,11246426.56,4,107,3.74,256244.29,20.9,Grow
56,MD,73,18342100.0,5112897.86,5,36,13.89,251261.64,27.88,Tighten
56,ME,19,5983000.0,825230.59,0,10,0.0,314894.74,13.79,Grow
56,MI,192,60469300.0,11413078.94,6,92,6.52,314944.27,18.87,Maintain
56,MN,221,79549000.0,14730103.12,3,117,2.56,359950.23,18.52,Grow
56,MO,95,24696600.0,10031418.3,3,51,5.88,259964.21,40.62,Grow
56,MS,30,8138600.0,2752047.88,1,19,5.26,271286.67,33.81,Grow
56,MT,22,7776000.0,998288.67,0,12,0.0,353454.55,12.84,Grow
56,NC,112,59471900.0,16068101.95,4,56,7.14,530999.11,27.02,Maintain
56,ND,20,2593600.0,543475.01,0,12,0.0,129680.0,20.95,Grow
56,NE,40,25767700.0,1647111.93,0,20,0.0,644192.5,6.39,Grow
56,NH,77,8243300.0,2044311.8,1,44,2.27,107055.84,24.8,Grow
56,NJ,133,45379000.0,16137024.69,6,57,10.53,341195.49,35.56,Maintain
56,NM,14,9635500.0,1425428.5,1,5,20.0,688250.0,14.79,Tighten
56,NV,58,19830500.0,6944644.13,2,24,8.33,341905.17,35.02,Maintain
56,NY,233,88516900.0,35863737.93,9,99,9.09,379900.86,40.52,Tighten
56,OH,393,94641500.0,26085298.34,18,211,8.53,240818.07,27.56,Tighten
56,OK,59,21737400.0,5351309.94,1,28,3.57,368430.51,24.62,Grow
56,OR,95,36152300.0,9200213.56,0,43,0.0,380550.53,25.45,Grow
56,PA,183,57745900.0,17394100.15,5,82,6.1,315551.37,30.12,Maintain
56,PR,22,4843900.0,1276468.7,0,7,0.0,220177.27,26.35,Grow
56,RI,11,1570000.0,765580.37,0,3,0.0,142727.27,48.76,Grow
56,SC,75,28412400.0,10691331.63,3,30,10.0,378832.0,37.63,Maintain
56,SD,14,1187100.0,459839.13,0,12,0.0,84792.86,38.74,Grow
56,TN,57,28194900.0,11319679.69,4,32,12.5,494647.37,40.15,Maintain
56,TX,343,152418300.0,63510904.82,17,144,11.81,444368.22,41.67,Tighten
56,UT,107,39040900.0,10053960.5,3,63,4.76,364868.22,25.75,Grow
56,VA,74,26544000.0,10562436.48,3,42,7.14,358702.7,39.79,Maintain
56,VT,29,2870000.0,419587.05,0,18,0.0,98965.52,14.62,Grow
56,WA,119,40784400.0,10818898.22,3,58,5.17,342726.05,26.53,Grow
56,WI,132,42009800.0,12887603.84,5,63,7.94,318256.06,30.68,Maintain
56,WV,24,5189100.0,1259198.16,0,8,0.0,216212.5,24.27,Grow
56,WY,8,3919700.0,1127170.3,0,7,0.0,489962.5,28.76,Grow
61,AK,4,245000.0,19324.0,0,2,0.0,61250.0,7.89,Grow
61,AL,7,1510000.0,936337.07,1,4,25.0,215714.29,62.01,Tighten
61,AR,11,2713300.0,565416.59,0,8,0.0,246663.64,20.84,Grow
61,AZ,30,16023900.0,2654863.1,2,21,9.52,534130.0,16.57,Maintain
61,CA,145,109704300.0,16076165.95,3,58,5.17,756581.38,14.65,Grow
61,CO,34,12452000.0,3921729.16,2,11,18.18,366235.29,31.49,Tighten
61,CT,13,6522200.0,2038117.29,1,6,16.67,501707.69,31.25,Tighten
61,DC,6,4926600.0,1289252.35,0,3,0.0,821100.0,26.17,Grow
61,DE,9,1794800.0,514198.85,0,3,0.0,199422.22,28.65,Grow
61,FL,73,49177700.0,13117649.88,4,34,11.76,673667.12,26.67,Maintain
61,GA,45,23225100.0,4648329.54,1,12,8.33,516113.33,20.01,Maintain
61,HI,3,150000.0,68120.48,0,2,0.0,50000.0,45.41,Grow
61,IA,5,2758200.0,151575.16,0,1,0.0,551640.0,5.5,Grow
61,ID,14,8069000.0,607743.0,0,10,0.0,576357.14,7.53,Grow
61,IL,50,25217000.0,4926665.34,1,23,4.35,504340.0,19.54,Grow
61,IN,30,12450400.0,1566481.16,0,17,0.0,415013.33,12.58,Grow
61,KS,4,2605800.0,50824.14,0,2,0.0,651450.0,1.95,Grow
61,KY,9,2765000.0,397094.72,0,4,0.0,307222.22,14.36,Grow
61,LA,11,3451000.0,1017594.89,0,3,0.0,313727.27,29.49,Grow
61,MA,34,12204800.0,1711089.25,0,16,0.0,358964.71,14.02,Grow
61,MD,25,6486800.0,3207697.78,1,14,7.14,259472.0,49.45,Maintain
61,ME,9,1027300.0,133373.93,0,3,0.0,114144.44,12.98,Grow
61,MI,45,21359700.0,2815075.63,3,23,13.04,474660.0,13.18,Tighten
61,MN,30,17734300.0,2428455.19,1,16,6.25,591143.33,13.69,Maintain
61,MO,25,9535300.0,2707481.7,1,9,11.11,381412.0,28.39,Maintain
61,MS,7,796000.0,292695.92,1,3,33.33,113714.29,36.77,Tighten
61,MT,5,1371900.0,367233.19,1,3,33.33,274380.0,26.77,Tighten
61,NC,31,20518200.0,3258364.63,0,8,0.0,661877.42,15.88,Grow
61,NE,5,3353100.0,72174.4,0,1,0.0,670620.0,2.15,Grow
61,NH,10,2146700.0,416872.7,0,2,0.0,214670.0,19.42,Grow
61,NJ,50,22755500.0,7354062.54,0,14,0.0,455110.0,32.32,Grow
61,NV,19,8032000.0,2381599.13,0,7,0.0,422736.84,29.65,Grow
61,NY,68,27294200.0,10463127.62,7,36,19.44,401385.29,38.33,Tighten
61,OH,76,13212300.0,3861703.92,4,32,12.5,173846.05,29.23,Maintain
61,OK,15,4027700.0,973220.89,0,5,0.0,268513.33,24.16,Grow
61,OR,17,5163300.0,1054621.98,0,8,0.0,303723.53,20.43,Grow
61,PA,39,17162000.0,3612031.21,1,15,6.67,440051.28,21.05,Maintain
61,PR,12,2147000.0,411875.07,2,9,22.22,178916.67,19.18,Tighten
61,RI,5,1240000.0,623776.09,0,2,0.0,248000.0,50.3,Grow
61,SC,22,15582200.0,4423635.59,0,10,0.0,708281.82,28.39,Grow
61,SD,3,530300.0,264494.33,0,2,0.0,176766.67,49.88,Grow
61,TN,18,14513300.0,2039249.92,1,5,20.0,806294.44,14.05,Tighten
61,TX,148,90753100.0,23609637.77,6,60,10.0,613196.62,26.02,Tighten
61,UT,31,30805900.0,2682452.59,1,13,7.69,993738.71,8.71,Maintain
61,VA,34,14599300.0,1731120.6,0,12,0.0,429391.18,11.86,Grow
61,VT,7,832000.0,116122.53,0,4,0.0,118857.14,13.96,Grow
61,WA,34,26012400.0,2970013.63,0,10,0.0,765070.59,11.42,Grow
61,WI,11,4616100.0,1526332.28,0,4,0.0,419645.45,33.07,Grow
61,WV,2,125000.0,28376.94,0,1,0.0,62500.0,22.7,Grow
62,AK,22,9584800.0,218813.91,0,9,0.0,435672.73,2.28,Grow
62,AL,56,44852700.0,7810916.21,1,20,5.0,800941.07,17.41,Grow
62,AR,52,18353400.0,2206448.87,1,27,3.7,352950.0,12.02,Grow
62,AZ,311,225653200.0,26394525.05,7,142,4.93,725572.99,11.7,Tighten
62,CA,1265,1233556100.0,80426519.11,24,519,4.62,975143.16,6.52,Tighten
62,CO,250,225562400.0,20296117.89,3,94,3.19,902249.6,9.0,Grow
62,CT,108,41939100.0,8390304.3,2,45,4.44,388325.0,20.01,Grow
62,DC,20,14498700.0,2641367.34,0,8,0.0,724935.0,18.22,Grow
62,DE,19,8716800.0,1304445.92,0,6,0.0,458778.95,14.96,Grow
62,FL,716,596651000.0,89622312.92,21,288,7.29,833311.45,15.02,Tighten
62,GA,290,244291900.0,23653851.89,4,128,3.12,842385.86,9.68,Tighten
62,GU,2,771000.0,199165.86,0,1,0.0,385500.0,25.83,Grow
62,HI,19,7758500.0,1421099.96,1,7,14.29,408342.11,18.32,Tighten
62,IA,57,17005300.0,2933591.27,1,29,3.45,298338.6,17.25,Grow
62,ID,102,59207300.0,2431126.0,0,48,0.0,580463.73,4.11,Grow
62,IL,268,167082600.0,20738351.53,3,112,2.68,623442.54,12.41,Grow
62,IN,157,76259800.0,6136406.96,3,67,4.48,485731.21,8.05,Grow
62,KS,77,35945600.0,4330082.97,2,35,5.71,466825.97,12.05,Grow
62,KY,78,34671400.0,3004849.93,0,34,0.0,444505.13,8.67,Grow
62,LA,68,36790000.0,6603977.04,1,19,5.26,541029.41,17.95,Grow
62,MA,179,93065600.0,6464930.97,2,91,2.2,519919.55,6.95,Grow
62,MD,163,94787900.0,17761712.52,4,55,7.27,581520.86,18.74,Maintain
62,ME,50,16890400.0,963385.16,1,30,3.33,337808.0,5.7,Grow
62,MI,289,159566900.0,11066105.19,6,133,4.51,552134.6,6.94,Grow
62,MN,294,127766000.0,10662986.18,2,142,1.41,434578.23,8.35,Grow
62,MO,152,89229300.0,10949119.89,2,61,3.28,587034.87,12.27,Grow
62,MS,48,21111600.0,2743753.33,2,15,13.33,439825.0,13.0,Tighten
62,MT,37,19202400.0,1051597.06,0,15,0.0,518983.78,5.48,Grow
62,NC,200,188904900.0,16142727.1,1,76,1.32,944524.5,8.55,Grow
62,ND,24,10219800.0,683982.83,0,11,0.0,425825.0,6.69,Grow
62,NE,56,26504300.0,897308.08,0,25,0.0,473291.07,3.39,Grow
62,NH,48,15894500.0,1859183.61,0,26,0.0,331135.42,11.7,Grow
62,NJ,271,199494000.0,35568828.95,2,93,2.15,736140.22,17.83,Tighten
62,NM,50,32274800.0,1319261.3,1,15,6.67,645496.0,4.09,Maintain
62,NV,105,87951500.0,11359372.38,6,41,14.63,837633.33,12.92,Tighten
62,NY,337,238577500.0,42545211.84,4,126,3.17,707945.1,17.83,Tighten
62,OH,512,207254200.0,28589850.62,13,220,5.91,404793.36,13.79,Tighten
62,OK,106,72846000.0,6250217.69,1,38,2.63,687226.42,8.58,Grow
62,OR,113,79418900.0,6105529.39,1,44,2.27,702822.12,7.69,Grow
62,PA,268,142228600.0,23550673.37,6,118,5.08,530703.73,16.56,Tighten
62,PR,191,34614900.0,2502870.04,2,55,3.64,181229.84,7.23,Grow
62,RI,36,11845200.0,1772352.57,0,12,0.0,329033.33,14.96,Grow
62,SC,99,78405200.0,13444692.5,1,43,2.33,791971.72,17.15,Grow
62,SD,33,13479700.0,2011158.81,0,13,0.0,408475.76,14.92,Grow
62,TN,94,103781900.0,13174986.65,0,40,0.0,1104062.77,12.69,Grow
62,TX,891,858063900.0,117888553.95,16,315,5.08,963034.68,13.74,Tighten
62,UT,177,132097900.0,8907233.47,4,85,4.71,746315.82,6.74,Grow
62,VA,148,115415000.0,17449458.98,4,45,8.89,779831.08,15.12,Maintain
62,VI,8,4480000.0,965960.64,0,3,0.0,560000.0,21.56,Grow
62,VT,23,10128200.0,429173.11,1,9,11.11,440356.52,4.24,Maintain
62,WA,307,231170900.0,13685420.94,4,133,3.01,752999.67,5.92,Grow
62,WI,177,106910400.0,9783066.74,3,76,3.95,604013.56,9.15,Grow
62,WV,43,11499300.0,1183193.22,1,24,4.17,267425.58,10.29,Grow
62,WY,8,5962900.0,437994.73,1,3,33.33,745362.5,7.35,Tighten
71,AK,5,3167600.0,53895.1,0,1,0.0,633520.0,1.7,Grow
71,AL,22,17426100.0,5017467.7,2,11,18.18,792095.45,28.79,Tighten
71,AR,15,7996000.0,956010.48,0,3,0.0,533066.67,11.96,Grow
71,AZ,72,42547400.0,13760133.56,2,24,8.33,590936.11,32.34,Maintain
71,CA,234,163891200.0,33196321.6,8,95,8.42,700389.74,20.26,Tighten
71,CO,94,44916900.0,14983607.77,6,49,12.24,477839.36,33.36,Maintain
71,CT,41,22758100.0,3786666.59,2,17,11.76,555075.61,16.64,Maintain
71,DC,8,1852600.0,1404583.06,2,5,40.0,231575.0,75.82,Tighten
71,DE,8,1417800.0,789622.11,1,5,20.0,177225.0,55.69,Tighten
71,FL,189,140363400.0,52637935.92,14,92,15.22,742663.49,37.5,Tighten
71,GA,95,79304500.0,20608273.22,4,42,9.52,834784.21,25.99,Maintain
71,HI,8,1549900.0,586007.51,0,5,0.0,193737.5,37.81,Grow
71,IA,32,17914000.0,4263707.06,1,12,8.33,559812.5,23.8,Maintain
71,ID,27,11271600.0,957866.78,0,13,0.0,417466.67,8.5,Grow
71,IL,135,62883700.0,16644921.27,1,44,2.27,465805.19,26.47,Grow
71,IN,90,39497300.0,5705178.29,0,40,0.0,438858.89,14.44,Grow
71,KS,32,15120100.0,1670101.18,2,20,10.0,472503.12,11.05,Maintain
71,KY,22,12279700.0,2039926.84,0,12,0.0,558168.18,16.61,Grow
71,LA,18,9328700.0,4015679.04,2,9,22.22,518261.11,43.05,Tighten
71,MA,57,21007300.0,3422381.57,1,22,4.55,368549.12,16.29,Grow
71,MD,58,18834500.0,7503467.31,5,23,21.74,324732.76,39.84,Tighten
71,ME,22,9820900.0,852046.67,0,12,0.0,446404.55,8.68,Grow
71,MI,88,36387900.0,7891005.33,1,44,2.27,413498.86,21.69,Grow
71,MN,88,23850400.0,4508135.29,3,49,6.12,271027.27,18.9,Maintain
71,MO,81,40746900.0,8358363.18,3,34,8.82,503048.15,20.51,Maintain
71,MS,17,5865300.0,1054553.83,0,6,0.0,345017.65,17.98,Grow
71,MT,9,11046300.0,410789.43,0,1,0.0,1227366.67,3.72,Grow
71,NC,97,55391600.0,15044397.77,4,41,9.76,571047.42,27.16,Maintain
71,ND,15,6751000.0,1901241.77,0,9,0.0,450066.67,28.16,Grow
71,NE,20,5722600.0,606972.38,0,7,0.0,286130.0,10.61,Grow
71,NH,11,3765700.0,689662.74,0,2,0.0,342336.36,18.31,Grow
71,NJ,87,64213100.0,19583215.41,2,36,5.56,738081.61,30.5,Grow
71,NM,5,1665000.0,152606.86,0,3,0.0,333000.0,9.17,Grow
71,NV,24,16510400.0,5294584.94,0,7,0.0,687933.33,32.07,Grow
71,NY,119,65807700.0,18411018.15,2,47,4.26,553005.88,27.98,Grow
71,OH,157,64180000.0,15190579.35,2,64,3.12,408789.81,23.67,Grow
71,OK,38,15406400.0,3166051.12,0,15,0.0,405431.58,20.55,Grow
71,OR,29,16303500.0,2574243.81,1,9,11.11,562189.66,15.79,Maintain
71,PA,90,43882000.0,10231533.72,3,39,7.69,487577.78,23.32,Maintain
71,PR,6,660200.0,112109.21,1,4,25.0,110033.33,16.98,Tighten
71,RI,6,1200900.0,542913.51,1,3,33.33,200150.0,45.21,Tighten
71,SC,30,26560300.0,5003193.44,3,15,20.0,885343.33,18.84,Tighten
71,SD,5,1328800.0,454775.54,0,0,0.0,265760.0,34.22,Grow
71,TN,46,33341900.0,9819478.5,2,22,9.09,724823.91,29.45,Maintain
71,TX,271,168376700.0,63191425.86,19,113,16.81,621316.24,37.53,Tighten
71,UT,63,32041600.0,5478081.38,2,32,6.25,508596.83,17.1,Maintain
71,VA,58,33248900.0,8742008.99,1,24,4.17,573256.9,26.29,Grow
71,VI,1,40000.0,27390.36,0,1,0.0,40000.0,68.48,Grow
71,VT,8,322400.0,81091.41,0,6,0.0,40300.0,25.15,Grow
71,WA,71,38289600.0,8214657.91,1,33,3.03,539290.14,21.45,Grow
71,WI,82,34369900.0,6157157.07,2,25,8.0,419145.12,17.91,Maintain
71,WV,6,3059000.0,485647.74,0,0,0.0,509833.33,15.88,Grow
71,WY,5,2178900.0,1068089.57,1,1,100.0,435780.0,49.02,Tighten
72,AK,19,17136500.0,362962.6,0,10,0.0,901921.05,2.12,Grow
72,AL,118,128917000.0,18107167.39,3,48,6.25,1092516.95,14.05,Maintain
72,AR,93,66297300.0,4698470.0,1,42,2.38,712874.19,7.09,Grow
72,AZ,198,225122700.0,21166111.48,1,81,1.23,1136983.33,9.4,Grow
72,CA,1405,1375191300.0,128102923.29,35,633,5.53,978783.84,9.32,Tighten
72,CO,313,288476900.0,40216362.47,12,140,8.57,921651.44,13.94,Tighten
72,CT,103,53126900.0,7128962.4,8,51,15.69,515795.15,13.42,Tighten
72,DC,26,18463500.0,9089457.2,4,9,44.44,710134.62,49.23,Tighten
72,DE,18,6796200.0,2552963.66,0,9,0.0,377566.67,37.56,Grow
72,FL,643,660369500.0,119738534.09,16,255,6.27,1027013.22,18.13,Tighten
72,GA,532,631728900.0,65303797.3,7,214,3.27,1187460.34,10.34,Tighten
72,GU,2,163000.0,69399.18,0,1,0.0,81500.0,42.58,Grow
72,HI,38,7785600.0,2003572.33,2,25,8.0,204884.21,25.73,Maintain
72,IA,134,72072100.0,9808734.07,3,60,5.0,537851.49,13.61,Grow
72,ID,84,71044900.0,4222514.82,1,38,2.63,845772.62,5.94,Grow
72,IL,457,363246200.0,47126357.71,17,202,8.42,794849.45,12.97,Tighten
72,IN,322,251024300.0,13482848.22,4,147,2.72,779578.57,5.37,Grow
72,KS,113,69482500.0,6276001.28,1,54,1.85,614889.38,9.03,Grow
72,KY,116,102361700.0,6458586.11,3,52,5.77,882428.45,6.31,Grow
72,LA,142,161692800.0,20405421.06,3,56,5.36,1138681.69,12.62,Grow
72,MA,247,71283200.0,13162538.63,6,124,4.84,288595.95,18.47,Grow
72,MD,147,107450200.0,16868800.65,4,61,6.56,730953.74,15.7,Maintain
72,ME,74,32106700.0,2768695.28,1,34,2.94,433874.32,8.62,Grow
72,MI,496,275725200.0,21804254.03,12,200,6.0,555897.58,7.91,Maintain
72,MN,341,130131600.0,17514502.17,6,162,3.7,381617.6,13.46,Grow
72,MO,267,155872000.0,22630311.9,5,112,4.46,583790.26,14.52,Grow
72,MS,109,100437200.0,5877273.25,2,51,3.92,921442.2,5.85,Grow
72,MT,70,48432800.0,2747883.63,2,38,5.26,691897.14,5.67,Grow
72,NC,338,394616100.0,27336803.58,5,145,3.45,1167503.25,6.93,Tighten
72,ND,30,16213700.0,686880.86,2,16,12.5,540456.67,4.24,Maintain
72,NE,80,39646200.0,2103621.53,0,36,0.0,495577.5,5.31,Grow
72,NH,101,23682800.0,3985094.07,0,49,0.0,234483.17,16.83,Grow
72,NJ,336,279607200.0,41226974.57,4,123,3.25,832164.29,14.74,Tighten
72,NM,79,98266500.0,1878925.36,1,37,2.7,1243879.75,1.91,Grow
72,NV,117,96746100.0,19851181.93,7,51,13.73,826889.74,20.52,Tighten
72,NY,552,380732900.0,74778028.2,21,224,9.38,689733.51,19.64,Tighten
72,OH,702,330998100.0,40580975.82,26,336,7.74,471507.26,12.26,Tighten
72,OK,153,102799600.0,10584530.16,2,59,3.39,671892.81,10.3,Grow
72,OR,202,141806800.0,12524311.94,4,95,4.21,702013.86,8.83,Grow
72,PA,391,294468400.0,32246277.22,9,162,5.56,753116.11,10.95,Tighten
72,PR,86,14129800.0,1695269.95,0,33,0.0,164300.0,12.0,Grow
72,RI,42,25187200.0,2776280.12,0,21,0.0,599695.24,11.02,Grow
72,SC,190,235392100.0,20143806.92,3,94,3.19,1238905.79,8.56,Grow
72,SD,51,23557600.0,2765545.69,1,27,3.7,461913.73,11.74,Grow
72,TN,174,165365500.0,23647684.17,3,72,4.17,950376.44,14.3,Tighten
72,TX,1080,1359208600.0,173651102.5,35,432,8.1,1258526.48,12.78,Tighten
72,UT,167,137778100.0,8082446.44,6,91,6.59,825018.56,5.87,Maintain
72,VA,222,212245400.0,19860084.97,4,104,3.85,956060.36,9.36,Grow
72,VI,2,1109700.0,82313.75,0,1,0.0,554850.0,7.42,Grow
72,VT,30,6457400.0,575341.14,1,20,5.0,215246.67,8.91,Grow
72,WA,409,334918900.0,29554197.33,7,191,3.66,818872.62,8.82,Tighten
72,WI,326,210407700.0,21876966.99,9,141,6.38,645422.39,10.4,Maintain
72,WV,61,39980000.0,1576214.75,2,31,6.45,655409.84,3.94,Maintain
72,WY,44,47363100.0,2661722.05,0,12,0.0,1076434.09,5.62,Grow
81,AK,17,13021800.0,303290.73,0,2,0.0,765988.24,2.33,Grow
81,AL,62,31555600.0,6845839.14,1,21,4.76,508961.29,21.69,Grow
81,AR,50,17798300.0,2238290.57,0,21,0.0,355966.0,12.58,Grow
81,AZ,191,132429800.0,15747350.43,7,88,7.95,693349.74,11.89,Maintain
81,CA,947,855142200.0,61423051.9,18,381,4.72,903001.27,7.18,Tighten
81,CO,263,180557800.0,24908089.95,3,125,2.4,686531.56,13.8,Tighten
81,CT,109,48410800.0,8919605.12,2,56,3.57,444135.78,18.42,Grow
81,DC,6,2200800.0,1037441.78,1,3,33.33,366800.0,47.14,Tighten
81,DE,22,7353300.0,807351.0,0,8,0.0,334240.91,10.98,Grow
81,FL,524,304077000.0,65112531.96,22,236,9.32,580299.62,21.41,Tighten
81,GA,273,246355100.0,27267337.98,5,114,4.39,902399.63,11.07,Tighten
81,GU,2,135100.0,35816.76,0,0,0.0,67550.0,26.51,Grow
81,HI,7,531000.0,288393.69,1,6,16.67,75857.14,54.31,Tighten
81,IA,60,29003000.0,4451771.46,1,25,4.0,483383.33,15.35,Grow
81,ID,68,28932200.0,2573857.29,0,28,0.0,425473.53,8.9,Grow
81,IL,299,192625300.0,26167596.39,5,107,4.67,644231.77,13.58,Tighten
81,IN,226,118643700.0,12363824.5,5,79,6.33,524972.12,10.42,Maintain
81,KS,99,42741300.0,4505270.96,2,39,5.13,431730.3,10.54,Grow
81,KY,68,36722700.0,2480172.39,1,31,3.23,540039.71,6.75,Grow
81,LA,52,28787400.0,5023766.44,3,22,13.64,553603.85,17.45,Tighten
81,MA,242,70432800.0,7536386.86,1,130,0.77,291044.63,10.7,Grow
81,MD,147,70896300.0,14026430.14,5,70,7.14,482287.76,19.78,Maintain
81,ME,33,10969300.0,716263.17,0,13,0.0,332403.03,6.53,Grow
81,MI,349,140412000.0,10903097.57,11,149,7.38,402326.65,7.77,Maintain
81,MN,304,131909000.0,14943669.95,4,138,2.9,433911.18,11.33,Grow
81,MO,202,81029300.0,11726958.36,7,86,8.14,401135.15,14.47,Maintain
81,MS,33,8831700.0,870552.98,3,11,27.27,267627.27,9.86,Tighten
81,MT,47,26627300.0,909174.41,1,22,4.55,566538.3,3.41,Grow
81,NC,202,149476000.0,14406981.94,4,97,4.12,739980.2,9.64,Grow
81,ND,32,10903900.0,934714.99,0,16,0.0,340746.88,8.57,Grow
81,NE,70,28224900.0,1443757.26,1,29,3.45,403212.86,5.12,Grow
81,NH,85,21536100.0,2712347.95,4,43,9.3,253365.88,12.59,Maintain
81,NJ,260,140594500.0,23504238.69,8,88,9.09,540748.08,16.72,Tighten
81,NM,33,13525700.0,1505338.0,0,11,0.0,409869.7,11.13,Grow
81,NV,91,50523400.0,12368906.13,4,44,9.09,555202.2,24.48,Maintain
81,NY,420,161355600.0,40505699.38,24,168,14.29,384180.0,25.1,Tighten
81,OH,502,148906000.0,24127157.56,9,227,3.96,296625.5,16.2,Tighten
81,OK,108,59202600.0,6066989.46,0,37,0.0,548172.22,10.25,Grow
81,OR,120,52654500.0,8808691.3,5,47,10.64,438787.5,16.73,Maintain
81,PA,333,151027000.0,23470495.49,7,144,4.86,453534.53,15.54,Grow
81,PR,46,7416700.0,847836.05,0,18,0.0,161232.61,11.43,Grow
81,RI,35,9073800.0,1568590.08,0,4,0.0,259251.43,17.29,Grow
81,SC,103,64625700.0,7646848.4,3,38,7.89,627433.98,11.83,Maintain
81,SD,34,9600800.0,2104201.52,4,22,18.18,282376.47,21.92,Tighten
81,TN,101,69569700.0,12656174.79,2,42,4.76,688808.91,18.19,Grow
81,TX,778,622133900.0,100988162.6,27,278,9.71,799657.97,16.23,Tighten
81,UT,144,74953500.0,9300269.31,4,64,6.25,520510.42,12.41,Maintain
81,VA,149,72123900.0,12106773.54,5,60,8.33,484053.02,16.79,Maintain
81,VT,25,6853400.0,468922.48,0,12,0.0,274136.0,6.84,Grow
81,WA,194,86672700.0,9456730.11,3,86,3.49,446766.49,10.91,Grow
81,WI,224,93427500.0,10363968.47,1,89,1.12,417087.05,11.09,Grow
81,WV,46,12574900.0,1484202.52,1,23,4.35,273367.39,11.8,Grow
81,WY,13,4517600.0,1615365.62,1,5,20.0,347507.69,35.76,Tighten
92,AK,1,145000.0,110.62,0,0,0.0,145000.0,0.08,Grow
92,FL,2,1260200.0,137313.43,0,1,0.0,630100.0,10.9,Grow
92,GA,1,693500.0,7020.98,0,1,0.0,693500.0,1.01,Grow
92,IA,2,250000.0,69212.38,0,1,0.0,125000.0,27.68,Grow
92,IL,1,1647500.0,8625.87,0,0,0.0,1647500.0,0.52,Grow
92,ME,2,4862500.0,430666.3,0,1,0.0,2431250.0,8.86,Grow
92,NC,1,350000.0,86965.03,0,0,0.0,350000.0,24.85,Grow
92,NE,1,500000.0,19948.64,0,0,0.0,500000.0,3.99,Grow
92,NM,1,484500.0,1513.34,0,0,0.0,484500.0,0.31,Grow
92,OK,1,279000.0,55560.61,0,1,0.0,279000.0,19.91,Grow
92,SC,2,274000.0,106263.95,0,2,0.0,137000.0,38.78,Grow
92,TN,1,310000.0,107822.4,0,0,0.0,310000.0,34.78,Grow
92,TX,3,2559000.0,860839.82,0,2,0.0,853000.0,33.64,Grow
92,VT,2,214900.0,31525.25,0,0,0.0,107450.0,14.67,Grow
